,Topic Number,Contribution,Topic Keywords,Best Document,Document Tokens
0,1.0,0.8363,"triage, assessment, agreement, nurse, estimate, level, weight, kappa, accuracy, assess",16025,"['well', 'way', 'estimate', 'adult', 'patient', 'weight', 'objective', 'emergency', 'department', 'adult', 'patient', 'weight', 'often', 'crudely', 'estimate', 'lifesave', 'intervention', 'study', 'evaluate', 'reliability', 'accuracy', 'method', 'rapidly', 'calculate', 'patient', 'weight', 'use', 'readily', 'obtainable', 'anthropometric', 'measurement', 'compare', 'method', 'visual', 'estimate', 'patient', 'self', 'report', 'measure', 'weight', 'method', 'convenience_sample', 'adult', 'patient', 'academic', 'medical', 'center', 'prospectively', 'enrol', 'midarm', 'circumference', 'knee', 'height', 'measure', 'value', 'input', 'equation', 'calculate', 'patient', 'weight', 'physician', 'nurse', 'independently', 'ask', 'estimate', 'patient', 'weight', 'patient', 'ask', 'report', 'weight', 'weigh', 'calculate', 'weight', 'use', 'equation', 'visual', 'estimate', 'patient', 'report', 'compare', 'actual', 'weight', 'determine', 'percentage', 'accurate', 'intraclass_correlation_coefficient', 'use', 'determine', 'reliability', 'estimate', 'respect', 'actual', 'weight', 'result', 'weight', 'determine', 'accuracy', 'actual', 'weight', 'confidence_interval', 'calculate', 'estimate', 'physician', 'estimate', 'nurse', 'estimate', 'patient', 'estimate', 'weight', 'estimation', 'tool', 'calculate', 'weight', 'accurately', 'male', 'female', 'analysis', 'error', 'reveal', 'estimate', 'inaccurate', 'approximately', 'half', 'overestimate', 'half', 'underestimate', 'correlation_coefficient', 'calculate', 'estimate', 'actual', 'weight', 'correlation_coefficient', 'actual', 'weight', 'respect', 'physician', 'estimate', 'nurse', 'estimate', 'doctor', 'estimate', 'respectively', 'conclusion', 'technique', 'use', 'readily', 'obtainable', 'measurement', 'estimate', 'weight', 'accurately', 'provider', 'technique', 'correlate', 'well', 'actual', 'patient', 'weight', 'available', 'patient', 'estimate', 'weight', 'accurate']"
1,2.0,0.8269,"ct, abdominal, appendicitis, head, compute_tomography, ct_scan, image, diagnostic, undergo, imaging",2738,"['helical_ct', 'scanning', 'primary', 'imaging_modality', 'acute', 'flank', 'pain', 'set', 'evaluate', 'accuracy', 'nonenhanced', 'helical_computed_tomography', 'ct_scanning', 'stone', 'detection', 'patient', 'acute', 'flank', 'pain', 'mean', 'detect', 'noncalculus', 'cause', 'acute', 'flank', 'pain', 'april', 'april', 'consecutive', 'patient', 'acute', 'flank', 'pain', 'undergo', 'noncontrast', 'enhance', 'helical_ct', 'patient', 'confirmation', 'ct', 'diagnosis', 'radiographic', 'study', 'urologic', 'intervention', 'spontaneous', 'stone_passage', 'calculi', 'determine', 'presence_absence', 'urinary', 'calculi', 'well', 'presence', 'noncalculus', 'pathology', 'ct_scanning', 'reveal', 'stone', 'patient', 'stone', 'patient', 'patient', 'patient', 'positive', 'finding', 'cause', 'flank', 'pain', 'patient', 'stone', 'ct', 'confirmation', 'stone', 'disease', 'radiologic', 'surgical', 'intervention', 'eleven', 'patient', 'confirmation', 'diagnosis', 'resolution', 'symptom', 'refusal', 'intervention', 'helical', 'ct_scan', 'patient', 'demonstrate', 'abnormality', 'think', 'stone', 'free', 'ct', 'pass', 'stone', 'helical_ct', 'sensitivity_specificity', 'positive', 'predictive_value', 'negative_predictive_value', 'stone', 'detection', 'noncontrast', 'enhance', 'helical_ct', 'accurate', 'rapid', 'detect', 'calculus', 'disease', 'patient', 'acute', 'flank', 'pain', 'perhaps', 'importantly', 'provide', 'add', 'benefit', 'detect', 'noncalculus', 'cause', 'flank', 'pain', 'great', 'patient']"
2,3.0,0.8085,"case, diagnosis, symptom, acute, disease, presentation, common, history, condition, report",2079,"['reversible', 'cerebral', 'syndrome', 'present', 'subarachnoid_hemorrhage', 'rare', 'cause', 'postpartum', 'seizure', 'reversible', 'cerebral', 'syndrome', 'rcvs', 'rare', 'cerebrovascular', 'disorder', 'affect', 'large', 'medium', 'sized', 'artery', 'occur', 'commonly', 'young', 'woman', 'thunderclap', 'headache', 'usual', 'primary', 'symptom', 'seizure', 'uncommon', 'postpartum', 'period', 'seizure', 'significant', 'concern', 'main', 'cause', 'postpartum', 'seizure', 'posterior', 'reversible', 'encephalopathy', 'syndrome', 'cortical', 'venous_thrombosis', 'rcvs', 'related', 'postpartum', 'seizure', 'rare', 'rarity', 'course', 'fulminant', 'result', 'permanent', 'disability', 'death', 'diagnosis', 'delay', 'treatment', 'start', 'promptly', 'report', 'unusual', 'case', 'rcvs', 'present', 'subarachnoid_hemorrhage', 'year', 'old', 'woman', 'admit', 'postpartum', 'seizure', 'inc_right_reserve']"
3,4.0,0.7808,"mortality, admission, sepsis, outcome, death, day, severe, early, unit, intensive",9955,"['red_cell_distribution_width', 'prognostic', 'marker', 'patient', 'community_acquire_pneumonia', 'background', 'red_cell_distribution_width', 'rdw', 'associated', 'mortality', 'general', 'population', 'patient', 'certain', 'disease', 'however', 'relationship', 'rdw', 'mortality', 'patient', 'community_acquire_pneumonia_cap', 'unknown', 'objective', 'study', 'evaluate', 'association', 'rdw', 'mortality', 'patient', 'cap', 'method', 'perform', 'retrospective', 'analysis', 'prospective', 'registry', 'database', 'patient', 'cap', 'red_cell_distribution_width', 'organized', 'quartile', 'pneumonia', 'severity', 'index', 'psi', 'curb', 'calculate', 'primary', 'outcome', 'day', 'mortality', 'secondary', 'outcome', 'include', 'length', 'hospital', 'stay', 'admission', 'intensive', 'care', 'unit', 'vasopressor', 'use', 'need', 'mechanical_ventilation', 'result', 'total', 'patient', 'include', 'psi', 'curb', 'high', 'patient', 'high', 'rdw', 'multivariate_logistic_regression', 'analysis', 'identify', 'high', 'category', 'rdw', 'psi', 'curb', 'albumin', 'statistically', 'significant', 'variable', 'day', 'mortality', 'significantly', 'high', 'patient', 'high', 'rdw', 'secondary', 'outcome', 'length', 'hospital', 'stay', 'vasopressor', 'use', 'significantly', 'different', 'group', 'cox_proportional_hazard', 'regression', 'analysis', 'patient', 'high', 'category', 'rdw', 'exhibit', 'increase', 'mortality', 'adjustment', 'severity', 'scale', 'receiver_operating_characteristic', 'curve', 'demonstrate', 'improved', 'mortality', 'prediction', 'rdw', 'add', 'psi', 'curb', 'conclusion', 'red_cell_distribution_width', 'associated', 'day', 'mortality', 'length', 'hospital', 'stay', 'use', 'vasopressor', 'hospitalize', 'patient', 'cap', 'inclusion', 'rdw', 'improved', 'prognostic', 'performance', 'psi', 'curb', 'inc_right_reserve']"
4,5.0,0.5698,"child, pediatric, asthma, age, young, parent, month, acute, infant, adult",3471,"['comparison', 'peak_expiratory_flow', 'rate', 'speak', 'time', 'patient', 'present', 'acute', 'exacerbation_asthma', 'patient', 'history', 'asthma', 'present', 'emergency', 'department', 'acute', 'exacerbation', 'study', 'prospectively', 'determine', 'correlation', 'exist', 'peak_expiratory_flow', 'rate', 'pefr', 'speak', 'time', 'patient', 'listen', 'instructional', 'audiotape', 'proper', 'method', 'count', 'maximally', 'inhale', 'count', 'become', 'necessary', 'take', 'second', 'breath', 'represent', 'patient', 'speak', 'time', 'second', 'pefr', 'obtain', 'use', 'hand', 'hold', 'peak', 'flow', 'meter', 'speak', 'time', 'pefr', 'measure', 'nebulized_albuterol', 'treatment', 'total', 'pair', 'pretreatment_posttreatment', 'pefr', 'speak', 'time', 'measurement', 'obtain', 'regression', 'analysis', 'pefr', 'speak', 'time', 'demonstrate', 'pefr', 'predict', 'speak', 'time', 'statistical_significance', 'regression', 'analysis', 'equation', 'peak', 'flow', 'min', 'speak', 'time']"
5,6.0,0.7409,"survey, report, provider, satisfaction, participant, response, respondent, question, practice, regard",9072,"['patient', 'attitude', 'regard', 'consent', 'emergency', 'department', 'compute_tomography', 'introduction', 'little_known', 'patient', 'attitude', 'inform_consent', 'compute_tomography', 'ct', 'emergency', 'department', 'set', 'determine', 'patient', 'attitude', 'provide', 'inform_consent', 'ct', 'method', 'cross_sectional', 'questionnaire', 'base', 'survey', 'study', 'evaluate', 'convenience_sample', 'patient', 'attitude', 'provide', 'inform_consent', 'ct', 'institutional', 'site', 'historically', 'institutional', 'network', 'patient', 'receive', 'approximately', 'visit', 'survey', 'consist', 'multiple', 'choice', 'question', 'primary', 'outcome', 'question', 'type', 'inform_consent', 'feel', 'appropriate', 'ct', 'emergency', 'department', 'result', 'analyze', 'survey', 'response', 'represent', 'return', 'rate', 'survey', 'distribute', 'percent', 'think', 'give', 'consent', 'prior', 'receive', 'ct', 'comfortable', 'comfortable', 'physician', 'make', 'decision', 'regard', 'need', 'forty', 'percent', 'patient', 'feel', 'general', 'consent', 'appropriate', 'receive', 'ed', 'think', 'verbal', 'consent', 'appropriate', 'percent', 'think', 'write', 'consent', 'appropriate', 'percent', 'patient', 'expect', 'receive', 'visit', 'patient', 'previously', 'provide', 'consent', 'prior', 'receive', 'ct', 'conclusion', 'patient', 'feel_comfortable', 'let', 'doctor', 'make', 'decision', 'regard', 'need', 'ed', 'patient', 'feel', 'inform_consent', 'occur', 'receive', 'ct', 'minority', 'feel', 'consent', 'write', 'specific', 'test']"
6,7.0,0.7776,"drug, overdose, exposure, poisoning, case, ingestion, hour, poison, toxicity, cocaine",7376,"['transit', 'time', 'cathartic', 'combine', 'charcoal', 'oral', 'activate_charcoal', 'usually', 'administer', 'toxic_ingestion', 'cathartic', 'study', 'do', 'volunteer', 'determine', 'rapidity', 'transit', 'activate_charcoal', 'administer', 'various', 'cathartic', 'control', 'activate_charcoal', 'compare', 'transit', 'time', 'activate_charcoal', 'cathartic', 'magnesium_citrate', 'magnesium_sulfate', 'sorbitol', 'activate_charcoal', 'alone', 'produce', 'mean', 'transit', 'time', 'hour', 'magnesium_citrate', 'catharsis', 'occur', 'hour', 'magnesium_sulfate', 'catharsis', 'occur', 'hour', 'sorbitol', 'catharsis', 'occur', 'hour', 'sorbitol', 'clearly', 'rapidly', 'act', 'cathartic']"
7,8.0,0.9104,"alcohol, report, psychiatric, screen, related, victim, violence, risk, abuse, depression",8492,"['correlation', 'intimate_partner_violence', 'victimization', 'risk', 'substance_abuse', 'depression', 'african_american', 'woman', 'urban', 'emergency', 'department', 'objective', 'assess', 'rate', 'substance_abuse', 'include', 'tobacco', 'alcohol', 'drug', 'abuse', 'well', 'rate', 'intimate_partner_violence', 'ipv', 'african_american', 'woman', 'see', 'urban', 'emergency', 'department', 'method', 'eligible', 'participant', 'include', 'african_american', 'woman', 'age', 'year', 'old', 'see', 'urban', 'complaint', 'triage', 'wait_room', 'eligible', 'woman', 'consent', 'participate', 'complete', 'computer', 'base', 'survey', 'focus', 'demographic', 'information', 'general', 'health', 'question', 'well', 'standardized', 'instrument', 'screen', 'alcohol', 'abuse', 'tobacco', 'abuse', 'illicit_drug', 'use', 'analysis', 'use', 'result', 'large', 'study', 'evaluating', 'effect', 'provide', 'patient', 'target', 'educational', 'literature', 'base', 'result', 'screen', 'result', 'woman', 'survey', 'woman', 'report', 'relationship', 'past', 'year', 'woman', 'screen', 'positive', 'ipv', 'woman', 'screen', 'positive', 'ipv', 'significantly', 'likely', 'also', 'screen', 'positive', 'tobacco', 'abuse', 'alcohol', 'abuse', 'drug', 'abuse', 'woman', 'screen', 'positive', 'ipv', 'also', 'likely', 'screen', 'positive', 'depression', 'report', 'social', 'isolation', 'conclusion', 'african_american', 'woman', 'see', 'screen', 'positive', 'ipv', 'significantly', 'high', 'risk', 'drug', 'alcohol', 'tobacco', 'abuse', 'depression', 'social', 'isolation', 'woman', 'screen', 'positive', 'ipv', 'finding', 'important', 'implication', 'base', 'community', 'base', 'social', 'service', 'woman', 'victim', 'intimate_partner_violence']"
8,9.0,0.8296,"medication, opioid, sedation, prescription, receive, ketamine, drug, dose, adverse_event, administration",9423,"['safety', 'efficacy', 'intravenous', 'combination', 'sedative', 'objective', 'objective', 'study', 'determine', 'safety', 'intravenously', 'administer', 'combination', 'sedative', 'emergency', 'department', 'method', 'retrospective', 'study', 'alcohol', 'intoxicate', 'patient', 'examine', 'incidence', 'adverse_event', 'agitated', 'patient', 'receive', 'combination', 'sedative', 'intravenously', 'compare', 'efficacy', 'combination', 'sedative', 'single', 'agent', 'sedative', 'result', 'patient', 'visit', 'single', 'adverse_event', 'dystonic', 'reaction', 'combination', 'sedative', 'group', 'adverse_event', 'rate', 'less', 'patient', 'receive', 'combination', 'sedative', 'less', 'likely', 'require', 'second', 'dose', 'sedative', 'medication', 'patient', 'receive', 'single', 'agent', 'sedative', 'conclusion', 'combination', 'sedative', 'appear', 'safe', 'administer', 'intravenously', 'combination', 'sedative', 'effective', 'single', 'agent', 'sedative', 'agitated', 'alcohol', 'intoxicated', 'patient']"
9,10.0,0.8333,"antibiotic, infection, culture, blood, pneumonia, positive, abscess, bacteremia, fever, therapy",6237,"['aerobic_anaerobic', 'microbiology', 'paronychia', 'pus', 'specimen', 'patient', 'paronychia', 'finger', 'yield', 'bacterial', 'growth', 'technique', 'cultivation', 'aerobic_anaerobic', 'bacteria', 'anaerobic', 'aerobic', 'organism', 'isolate', 'pure', 'culture', 'patient', 'respectively', 'mixed', 'aerobic_anaerobic', 'flora', 'present', 'patient', 'isolate', 'recover', 'isolate', 'specimen', 'predominant', 'anaerobic', 'organism', 'gram', 'positive', 'anaerobic', 'coccus', 'bacteroide', 'specie', 'fusobacterium', 'specie', 'predominant', 'aerobic', 'organism', 'gamma', 'hemolytic', 'streptococcus', 'eikenella', 'corrodens', 'group', 'beta_hemolytic', 'streptococcus', 'alpha', 'hemolytic', 'streptococcus', 'klebsiella', 'candida', 'albican', 'recover', 'case', 'study', 'demonstrate', 'mixed', 'aerobic_anaerobic', 'bacteriology', 'paronychia']"
10,11.0,0.9386,"medicine, program, resident, residency, training, academic, faculty, survey, train, specialty",11200,"['endowed', 'faculty', 'position', 'academic', 'emergency', 'medicine', 'year', 'later', 'background', 'examine', 'number', 'endowed', 'faculty', 'position', 'chair', 'professorship', 'academic', 'department', 'emergency', 'medicine', 'adem', 'unite_state', 'objective', 'survey', 'adem', 'united_state', 'concern', 'number', 'endowed', 'faculty', 'position', 'compare', 'result', 'study', 'method', 'survey', 'send', 'chair', 'adem', 'unite_state', 'belong', 'association', 'academic', 'chair', 'emergency', 'medicine', 'request', 'information', 'number', 'endowed_chair', 'professorship', 'position', 'amount', 'require', 'fund', 'date', 'established', 'source', 'funding', 'future', 'plan', 'result', 'chair', 'respond', 'response', 'rate', 'chair', 'report', 'endowed_chair', 'position', 'chair', 'report', 'position', 'chair', 'report', 'chair', 'position', 'total', 'adem', 'report', 'endowed_chair', 'position', 'endowed', 'professorship', 'chair', 'report', 'professorship', 'chair', 'report', 'position', 'total', 'adem', 'report', 'endowed', 'professorship', 'adem', 'report', 'total', 'position', 'typical', 'amount', 'allow', 'spend', 'value', 'endowment', 'annually', 'average', 'amount', 'necessary', 'fund', 'endowed_chair', 'position', 'endowed', 'professorship', 'conclusion', 'percent', 'adem', 'endowed', 'faculty', 'position', 'nearly', 'threefold', 'increase', 'number', 'endowed', 'faculty', 'position', 'past', 'year', 'inc_right_reserve']"
11,12.0,0.8823,"minute, animal, model, epinephrine, effect, control, rat, infusion, dose, hour",6791,"['mechanism', 'action', 'pge', 'hemorrhagic_shock', 'rat', 'study', 'effect', 'prostaglandin', 'pge', 'severe', 'model', 'hemorrhagic_shock', 'rat', 'pge', 'administer', 'continuous', 'iv', 'infusion', 'microgram_kg', 'min', 'microgram_kg', 'min', 'start', 'minute', 'onset', 'bleed', 'continue', 'hour', 'reinfusion', 'hemorrhaged', 'rat', 'treat', 'pge', 'microgram_kg', 'min', 'maintain', 'post', 'reinfusion', 'mean', 'arterial', 'blood', 'pressure', 'mabp', 'significantly', 'high', 'value', 'rat', 'receive', 'vehicle', 'nacl', 'final', 'mabp', 'mm', 'less', 'pge', 'microgram_kg', 'min', 'also', 'attenuate', 'increase', 'plasma', 'activity', 'cathepsin', 'less', 'dose', 'blunt', 'plasma', 'accumulation', 'free', 'amino', 'nitrogen', 'compound', 'less', 'microgram_kg', 'min', 'less', 'microgram_kg', 'min', 'furthermore', 'plasma', 'activity', 'myocardial', 'depressant', 'factor', 'mdf', 'significantly', 'low', 'rat', 'treat', 'pge', 'microgram_kg', 'min', 'rat', 'receive', 'vehicle', 'ml', 'ml', 'less', 'rat', 'receive', 'pge', 'microgram_kg', 'min', 'also', 'exhibit', 'significantly', 'increase', 'survival', 'rate', 'less', 'post', 'reinfusion', 'survival', 'time', 'less', 'compare', 'rat', 'receive', 'vehicle', 'datum', 'suggest', 'antiproteolytic', 'membrane', 'stabilizing', 'action', 'pge', 'important', 'contribute', 'beneficial', 'effect', 'hemorrhagic_shock', 'mechanism', 'inhibition', 'platelet_aggregation', 'vasodilation', 'also', 'involve']"
12,13.0,0.907,"ems, transport, prehospital, service, paramedic, ambulance, system, call, scene, response",6308,"['characteristic', 'midsized', 'urban', 'ems', 'system', 'emergency', 'medical', 'service', 'ems', 'system', 'midsize', 'city', 'population', 'describe', 'information', 'describe', 'ems', 'system', 'configuration', 'performance', 'collect', 'write', 'telephone', 'survey', 'follow', 'up', 'respond', 'city', 'provide', 'tier', 'system', 'tier', 'system', 'advanced_life_support', 'al', 'unit', 'respond', 'transport', 'patient', 'use', 'activate', 'system', 'type', 'tier', 'system', 'identify', 'system', 'al', 'unit', 'respond', 'call', 'scene', 'al', 'unit', 'turn', 'patient', 'basic_life_support', 'bls', 'unit', 'transport', 'system', 'al', 'unit', 'respond', 'call', 'bls', 'unit', 'send', 'noncritical', 'call', 'system', 'nontransport', 'al', 'unit', 'dispatch', 'transport', 'bls', 'unit', 'al', 'call', 'al', 'personnel', 'join', 'bls', 'personnel', 'transport', 'overall', 'city', 'staff', 'average', 'ambulance', 'population', 'tier', 'system', 'average', 'ambulance', 'compare', 'tier', 'system', 'average', 'ambulance', 'tiered', 'system', 'average', 'al', 'unit', 'serve', 'population', 'city', 'use', 'tier', 'system', 'al', 'unit', 'serve', 'less', 'overall', 'code', 'response', 'time', 'city', 'average', 'minute', 'average', 'response', 'time', 'tier', 'system', 'minute', 'minute', 'tier', 'system', 'less', 'less', 'datum', 'suggest', 'tiered', 'system', 'allow', 'give', 'number', 'al', 'unit', 'serve', 'much', 'large', 'population', 'maintain', 'rapid', 'code', 'response', 'time']"
13,14.0,0.8108,"center, transfer, receive, trauma, require, major, review, complication, bleeding, retrospective",1966,"['comparison', 'safety', 'efficacy', 'factor', 'factor', 'prothrombin_complex_concentrate', 'reversal_warfarin', 'purpose', 'prior', 'food', 'drug', 'administration', 'approval', 'factor', 'prothrombin_complex_concentrate_pcc', 'factor', 'pcc_pcc', 'product', 'available', 'limited', 'datum', 'compare', 'safety', 'efficacy', 'pcc_pcc', 'purpose', 'study', 'therefore', 'compare', 'safety', 'efficacy', 'profile', 'pcc_pcc', 'emergent', 'reversal_warfarin', 'method', 'single', 'center', 'retrospective', 'cohort', 'analysis', 'compare', 'patient', 'receive', 'pcc_pcc', 'emergent', 'reversal_warfarin', 'due', 'life', 'threate', 'bleed', 'january', 'september', 'primary', 'objective', 'study', 'percentage', 'patient', 'international_normalize_ratio', 'inr', 'reverse', 'pcc', 'administration', 'secondary', 'safety', 'objective', 'incidence', 'thromboembolic_event', 'day', 'pcc', 'result', 'total', 'patient', 'include', 'median', 'baseline', 'inr', 'pcc', 'group', 'pcc', 'group', 'median', 'post', 'pcc', 'inr', 'pcc', 'group', 'pcc', 'group', 'inr', 'achieve', 'patient', 'pcc', 'group', 'patient', 'pcc', 'group', 'thromboembolic_event', 'rate', 'group', 'day', 'similar', 'pcc_pcc', 'conclusion', 'significant', 'difference', 'percentage', 'patient', 'achieve', 'inr', 'pcc_pcc', 'group', 'emergent', 'reversal_warfarin', 'inc_right_reserve']"
14,15.0,0.8351,"review, record, error, report, case, identify, chart, information, electronic, system",4793,"['completeness', 'medline', 'paper', 'publish', 'abstract', 'journal', 'emergency', 'medicine', 'purpose', 'paper', 'assess', 'medline', 'common', 'source', 'review', 'medical', 'literature', 'complete', 'regard', 'reference', 'paper', 'publish', 'abstract', 'journal', 'emergency', 'medicine', 'jem', 'year', 'period', 'time', 'abstract', 'original', 'contribution', 'include', 'jem', 'paper', 'review', 'classify', 'review', 'subject', 'case', 'report', 'review', 'literature', 'editorial', 'prospective', 'retrospective', 'original', 'research', 'result', 'show', 'original', 'work', 'publish', 'jem', 'abstract', 'reference', 'jem', 'find', 'medline', 'thus', 'support', 'hypothesis', 'medline', 'complete', 'thorough', 'database', 'current', 'literature']"
15,16.0,0.6759,"intervention, control, change, increase, decrease, month, effect, period, improve, implementation",8473,"['eliminate', 'amylase', 'testing', 'evaluation', 'pancreatitis', 'emergency', 'department', 'background', 'alteration', 'serum', 'biomarker', 'use', 'evaluate', 'pancreatitis', 'emergency', 'department', 'study', 'show', 'lipase', 'sensitive', 'specific', 'amylase', 'diagnose', 'pancreatitis', 'amylase', 'lipase', 'improve', 'accuracy', 'lipase', 'alone', 'objective', 'determine', 'effect', 'intervention', 'decrease', 'ordering', 'amylase', 'evaluation', 'pancreatitis', 'method', 'conduct', 'pre_post', 'cohort', 'study', 'number', 'amylase', 'lipase', 'test', 'order', 'record', 'prior', 'intervention', 'establish', 'baseline', 'introduce', 'educational', 'intervention', 'order', 'lipase', 'amylase', 'second', 'intervention', 'involve', 'remove', 'amylase', 'bedside', 'order_entry', 'form', 'introduce', 'third', 'intervention', 'include', 'delete', 'amylase', 'trauma', 'order', 'form', 'decouple', 'amylase', 'lipase', 'computer', 'ordering', 'system', 'record', 'number', 'lipase', 'amylase', 'test', 'weekly', 'aggregate', 'comparison', 'baseline', 'datum', 'analysis', 'use', 'student', 'test', 'standard_deviation', 'value', 'report', 'result', 'intervention', 'patient', 'test', 'order', 'educational', 'intervention', 'result', 'decrease', 'ordering', 'intervention', 'decrease', 'percentage', 'patient', 'evaluate', 'test', 'translate', 'decrease', 'patient', 'charge', 'approximately', 'year', 'conclusion', 'use', 'simple', 'structured', 'intervention', 'reduce', 'amylase', 'order', 'educational', 'programming', 'alone', 'effective', 'significantly', 'decrease', 'amylase', 'order', 'however', 'education', 'system', 'base', 'intervention', 'decrease', 'amylase', 'order']"
16,17.0,0.7196,"discharge, day, follow, admission, visit, outcome, return, admit, month, home",11653,"['postdischarge', 'adverse_event', 'day', 'hospital', 'admission', 'old', 'adult', 'admit', 'emergency', 'department', 'study', 'objective', 'assess', 'hospital', 'readmission', 'death', 'day', 'old', 'adult', 'admit', 'emergency', 'department', 'discharge', 'inpatient', 'service', 'hour', 'method', 'retrospective', 'review', 'patient', 'aged', 'year', 'old', 'admit', 'hospital', 'discharge', 'home', 'hour', 'exclude', 'hospital', 'death', 'observation', 'admission', 'transfer', 'facility', 'patient', 'leave', 'medical', 'advice', 'hospice', 'patient', 'outcome', 'hour', 'day', 'readmission', 'postdischarge', 'death', 'occur', 'day', 'admission', 'logistic_regression', 'use', 'assess', 'predictor', 'readmission', 'chart', 'review', 'death', 'discharge', 'perform', 'assess', 'potential', 'contributor', 'adverse', 'outcome', 'result', 'total', 'admission', 'meet_inclusion_criterion', 'day', 'admission', 'patient', 'return', 'hospital', 'readmission', 'hour', 'day', 'discharge', 'multivariable', 'analysis', 'previous', 'admission', 'odd_ratio', 'confidence_interval', 'ci', 'admission', 'diagnosis', 'heart_failure', 'ci', 'associate', 'day', 'readmission', 'individual', 'patient', 'great', 'equal', 'day', 'admission', 'death', 'day', 'patient', 'abnormal', 'ecg', 'result', 'rule', 'acute', 'myocardial_infarction', 'hospitalize', 'definitive', 'follow', 'arrange', 'discharge', 'conclusion', 'day', 'admission', 'hospitalize', 'old', 'adult', 'represent', 'group', 'low', 'risk', 'postdischarge', 'adverse', 'outcome', 'publish_inc']"
17,18.0,0.8049,"health, system, event, public, staff, disaster, service, provide, response, country",7005,"['catastrophic', 'disaster', 'design', 'disaster', 'medical', 'care', 'system', 'national', 'disaster', 'medical', 'system', 'ndms', 'aimed', 'medical', 'care', 'need', 'result', 'catastrophic', 'earthquake', 'cause', 'thousand', 'death', 'injury', 'geophysical', 'event', 'cause', 'great', 'mortality', 'leave', 'injure', 'survivor', 'weather', 'incident', 'technological', 'disaster', 'common', 'mass_casualty_incident', 'cause', 'much', 'less', 'mortality', 'morbidity', 'catastrophic', 'disaster', 'overwhelm', 'local', 'medical', 'care', 'system', 'supplemental', 'care', 'provide', 'disaster', 'relief', 'force', 'care', 'adapt', 'prevalent', 'type', 'injury', 'care', 'provide', 'disaster', 'scene', 'supplemental', 'medical', 'facility', 'provide', 'evacuate', 'patient', 'distant', 'hospital', 'medical', 'response', 'team', 'capable', 'stabilize', 'sort', 'holding', 'victim', 'staff', 'supplemental', 'medical', 'facility', 'ndms', 'program', 'include', 'hospital', 'facility', 'evacuation', 'asset', 'medical', 'response', 'team', 'structure', 'capabilitie', 'element', 'determine', 'medical', 'care', 'need', 'catastrophic', 'disaster', 'situation']"
18,19.0,0.6667,"treatment, cost, management, stroke, guideline, acute, therapy, treat, strategy, risk",9982,"['model', 'cost', 'effectiveness', 'tissue_plasminogen_activator', 'patient', 'subgroup', 'hour', 'onset', 'acute', 'ischemic_stroke', 'study', 'objective', 'european', 'cooperative', 'acute', 'stroke', 'study', 'ecass', 'show', 'recombinant_tissue_plasminogen_activator', 'rtpa', 'administer', 'hour', 'acute', 'ischemic_stroke', 'lead', 'improvement', 'patient', 'disability', 'placebo', 'evaluate', 'long_term', 'incremental', 'cost', 'effectiveness', 'rtpa', 'administer', 'hour', 'acute', 'ischemic_stroke', 'onset', 'treatment', 'accord', 'patient', 'clinical', 'demographic', 'factor', 'method', 'develop', 'disease', 'based', 'decision', 'analytic', 'model', 'project', 'lifetime', 'outcome', 'patient', 'acute', 'ischemic_stroke', 'payer', 'perspective', 'clinical', 'datum', 'derive', 'ecass', 'trial', 'longitudinal', 'cohort', 'study', 'health', 'state', 'preference', 'study', 'cost', 'datum', 'base', 'medicare', 'reimbursement', 'publish', 'source', 'perform', 'probabilistic', 'sensitivity', 'analysis', 'evaluate', 'uncertainty', 'analysis', 'result', 'rtpa', 'hypothetical', 'cohort', 'result', 'gain', 'year', 'life', 'credible', 'range', 'quality', 'adjust', 'life', 'year', 'credible', 'range', 'difference', 'cost', 'credible', 'range', 'compare', 'placebo', 'incremental', 'cost', 'effectiveness', 'ratio', 'patient', 'quality', 'adjust', 'life', 'year', 'gain', 'patient', 'young', 'year', 'cost', 'save', 'patient', 'aged', 'year', 'old', 'quality', 'adjust', 'life', 'year', 'patient', 'baseline', 'national_institute', 'health', 'stroke', 'scale', 'nihss', 'score', 'quality', 'adjust', 'life', 'year', 'patient', 'nihss', 'score', 'quality', 'adjust', 'life', 'year', 'patient', 'nihss', 'score', 'greater_equal', 'quality', 'adjust', 'life', 'year', 'majority', 'subgroup', 'sex', 'history', 'stroke', 'history', 'hypertension', 'cost_saving', 'cost', 'effective', 'exception', 'diabete', 'atrial_fibrillation', 'conclusion', 'result', 'indicate', 'rtpa', 'hour', 'therapeutic', 'window', 'provide', 'improvement', 'long_term', 'patient', 'outcome', 'patient', 'subgroup', 'good', 'economic', 'value', 'treatment', 'publish_mosby_inc']"
19,20.0,0.6806,"ci, sensitivity, rule, criterion, risk, identify, confidence_interval, decision, low, specificity",12524,"['acute', 'care', 'diagnostic', 'collaboration', 'bayesian', 'model', 'comparative', 'diagnostic', 'assessment', 'lactate', 'procalcitonin', 'crp', 'risk', 'stratified', 'population', 'mortality', 'med', 'score', 'objective', 'assess', 'compare', 'diagnostic', 'value', 'lactate', 'procalcitonin_pct', 'reactive_protein_crp', 'low', 'moderate', 'high', 'risk', 'stratified', 'population', 'applying', 'mortality', 'emergency', 'department', 'med', 'risk', 'score', 'use', 'bayesian', 'statistical', 'modeling', 'method', 'med', 'criterion', 'use', 'risk', 'stratify', 'low', 'moderate', 'high', 'risk', 'population', 'attribute', 'percentage', 'risk', 'use', 'pre', 'test', 'probability', 'bayesian', 'nomogram', 'sensitivity_specificity', 'lactate', 'pct', 'crp', 'attain', 'pooled', 'meta_analysis', 'datum', 'absolute', 'relative', 'diagnostic', 'gain', 'calculate', 'result', 'pooled', 'diagnostic', 'quality', 'datum', 'obtain', 'meta_analysis', 'reflect', 'sensitivity', 'pct', 'specificity', 'lactate', 'sensitivity_specificity', 'crp', 'yield', 'sensitivity_specificity', 'likelihood_ratio_lr', 'calculation', 'pct', 'lr_lr', 'lactate', 'lr_lr', 'crp', 'lr_lr', 'computed', 'bayesian', 'nomogram', 'post', 'test', 'probability', 'lr', 'follow', 'pct', 'low', 'risk', 'absolute', 'gain', 'relative', 'gain', 'moderate', 'absolute', 'gain', 'relative', 'gain', 'high', 'risk', 'absolute', 'gain', 'relative', 'gain', 'lactate', 'lr', 'result', 'low', 'risk', 'absolute', 'gain', 'relative', 'gain', 'moderate', 'absolute', 'gain', 'relative', 'gain', 'high', 'risk', 'relative', 'gain', 'relative', 'gain', 'crp', 'result', 'low', 'population', 'lr', 'absolute', 'gain', 'relative', 'gain', 'moderate', 'risk', 'absolute', 'gain', 'relative', 'gain', 'high', 'risk', 'post', 'test', 'absolute', 'gain', 'relative', 'gain', 'conclusion', 'bayesian', 'statistical', 'model', 'demonstrate', 'superior', 'diagnostic', 'quality', 'pct', 'rule', 'severe', 'disease', 'lactate', 'yield', 'high', 'benefit', 'increase', 'relative', 'gain', 'negative', 'lr', 'inc_right_reserve']"
20,21.0,0.7953,"test, testing, hiv, screen, positive, laboratory, screening, rapid, risk, woman",10831,"['screen', 'urban', 'emergency', 'department', 'comparison', 'screening', 'use', 'opt', 'opt', 'approach', 'objective', 'compare', 'outcome', 'opt', 'opt', 'screening', 'approach', 'urban', 'emergency', 'department', 'method', 'year', 'prospective_observational', 'study', 'compare', 'month', 'screening', 'approach', 'eligibility', 'opt', 'opt', 'screen', 'identical', 'aged', 'year', 'old', 'medically_stable', 'able', 'complete', 'general', 'consent', 'opt', 'phase', 'triage', 'nurse', 'refer', 'patient', 'hiv', 'tester', 'station', 'triage', 'obtain', 'separate', 'opt', 'write', 'consent', 'perform', 'rapid', 'oral', 'fluid', 'test', 'opt', 'phase', 'registration', 'staff', 'conduct', 'integrate', 'opt', 'consent', 'refer', 'patient', 'hiv', 'tester', 'assess', 'proportion', 'potentially', 'eligible', 'patient', 'offer', 'screen', 'screen', 'offer', 'rate', 'proportion', 'offer', 'screening', 'accept', 'screen', 'acceptance', 'rate', 'proportion', 'accept', 'screen', 'subsequently', 'complete', 'testing', 'test', 'completion', 'rate', 'proportion', 'potentially', 'eligible', 'patient', 'complete', 'test', 'overall', 'screening', 'rate', 'phase', 'result', 'opt', 'opt', 'phase', 'respectively', 'potentially', 'eligible', 'patient', 'screen', 'offer', 'rate', 'screen', 'acceptance', 'rate', 'test', 'completion', 'rate', 'overall', 'screening', 'rate', 'conclusion', 'significantly', 'high', 'proportion', 'patient', 'offer', 'hiv', 'screen', 'opt', 'approach', 'registration', 'however', 'offset', 'much', 'high', 'screening', 'acceptance', 'test', 'completion', 'rate', 'opt', 'approach', 'triage', 'overall', 'screening', 'rate', 'approach', 'nearly', 'identical', 'publish_mosby_inc']"
21,22.0,0.8414,"hour, minute, median, length_stay, los, day, iqr, min, delay, increase",15905,"['emergency', 'department', 'patient', 'stay', 'hour', 'contribute', 'crowd', 'background', 'admit', 'discharge', 'patient', 'prolonged', 'emergency', 'department', 'stay', 'contribute', 'crowd', 'utilize', 'bed', 'staff', 'time', 'otherwise', 'use', 'new', 'patient', 'objective', 'describe', 'patient', 'stay', 'determine', 'association', 'measure', 'crowd', 'method', 'retrospective', 'observational', 'study', 'carry', 'year', 'single', 'urban', 'academic', 'ed', 'result', 'patient', 'see', 'stay', 'admit', 'least', 'patient', 'stay', 'time', 'least', 'additional', 'patient', 'wait_room', 'placed', 'bed', 'none', 'open', 'walk', 'rate', 'patient', 'hour', 'patient', 'stay', 'patient', 'hour', 'walk', 'patient', 'stay', 'ed', 'contain', 'patient', 'stay', 'trend', 'note', 'increase', 'number', 'patient', 'stay', 'percentage', 'time', 'ambulance_diversion', 'conclusion', 'admit', 'discharge', 'patient', 'stay', 'associate', 'crowd', 'inc_right_reserve']"
22,23.0,0.9059,"visit, increase, ed, health, utilization, population, national, related, cost, number",12363,"['compare', 'utilization', 'cost', 'care', 'freestande', 'emergency', 'department', 'hospital', 'emergency', 'department', 'urgent', 'care', 'center', 'study', 'objective', 'compare', 'utilization', 'price', 'visit', 'type', 'care', 'deliver', 'freestande', 'emergency', 'department', 'hospital', 'base', 'urgent', 'care', 'center', 'texa', 'method', 'analyze', 'insurance', 'claim', 'process', 'blue', 'cross', 'blue', 'shield', 'texas', 'patient', 'visit', 'freestande', 'hospital', 'base', 'urgent', 'care', 'center', 'texa', 'metropolitan', 'statistical', 'area', 'contain', 'state', 'population', 'calculate', 'aggregate', 'number', 'visit', 'average', 'price', 'visit', 'proportion', 'price', 'attributable', 'facility', 'physician', 'service', 'proportion', 'price', 'bill', 'blue', 'cross', 'blue', 'shield', 'texas', 'pocket', 'facility', 'type', 'price', 'top', 'diagnosis', 'procedure', 'facility', 'type', 'compare', 'result', 'texan', 'use', 'hospital', 'base', 'urgent', 'care', 'center', 'much', 'freestande', 'freestande', 'utilization', 'increase', 'average', 'price', 'visit', 'low', 'freestande', 'ed', 'hospital', 'base', 'price', 'comparable', 'price', 'urgent', 'care', 'center', 'pocket', 'liability', 'consumer', 'facility', 'increase', 'slightly', 'overlap', 'common', 'diagnosis', 'freestande', 'ed', 'urgent', 'care', 'center', 'overlap', 'hospital', 'base', 'urgent', 'care', 'center', 'however', 'price', 'patient', 'diagnosis', 'average', 'almost', 'time', 'high', 'freestande', 'hospital', 'base', 'relative', 'urgent', 'care', 'center', 'conclusion', 'utilization', 'freestande', 'eds', 'rapidly', 'expand', 'texa', 'high', 'price', 'freestande', 'hospital', 'base', 'relative', 'urgent', 'care', 'center', 'substantial', 'overlap', 'service', 'deliver', 'imply', 'potential', 'inefficient', 'use', 'emergency', 'facility', 'american_college', 'emergency', 'physician', 'publish', 'inc_right_reserve']"
23,24.0,0.8816,"placement, ultrasound, iv, catheter, guide, access, attempt, procedure, needle, technique",15884,"['ultrasound', 'guide', 'peripheral', 'intravenous', 'access', 'emergency', 'department', 'use', 'modify_seldinger_technique', 'background', 'utility', 'ultrasound', 'guide', 'peripheral', 'intravenous', 'access', 'usgpiv', 'well', 'describe', 'however', 'study', 'investigate', 'usgpiv', 'technique', 'objective', 'describe', 'modify_seldinger_technique', 'usgpiv', 'method', 'emergency', 'department', 'patient', 'difficult', 'access', 'fail', 'landmark', 'attempt', 'prospectively', 'enrol', 'usgpiv', 'attempt', 'use', 'modify_seldinger_technique', 'gauge', 'cm', 'catheter', 'integral', 'wire', 'use', 'procedure', 'basilic_vein', 'identify', 'use', 'high', 'frequency', 'linear', 'probe', 'mhz', 'needle', 'insert', 'vein', 'dynamic', 'guidance', 'short_axis', 'cannula', 'advanced', 'wire', 'time', 'skin', 'puncture', 'catheter', 'insertion', 'number', 'needle_stick', 'overall', 'procedure', 'time', 'record', 'result', 'patient', 'enrol', 'undergo', 'usgpiv', 'success', 'rate', 'mean', 'number', 'needle_stick', 'confidence_interval', 'median', 'time', 'skin', 'catheter', 'insertion', 'sd', 'median', 'total', 'procedure', 'time', 'min', 'sd', 'min', 'conclusion', 'modify_seldinger_technique', 'effective', 'method', 'usgpiv', 'worthy', 'prospective', 'comparison', 'non', 'seldinger_technique', 'inc_right_reserve']"
24,25.0,0.9127,"wound, burn, laceration, skin, infection, suture, eye, foreign_body, anesthesia, day",2946,"['treatment', 'contaminate', 'partial_thickness_burn', 'swine', 'randomize', 'control', 'experiment', 'objective', 'compare', 'infection', 'rate', 'contaminate', 'second', 'degree', 'burn', 'treat', 'oca', 'silver_sulfadiazine', 'ssd', 'polyurethane', 'pu', 'film', 'dry_gauze', 'control', 'swine', 'method', 'standardized', 'burn', 'create', 'apply', 'aluminum', 'bar', 'preheated', 'degree', 'back', 'flank', 'young', 'pig', 'second', 'burn', 'immediately', 'contaminate', 'ml', 'ml', 'randomly', 'treat', 'oca', 'spray', 'ssd_pu', 'dry_gauze', 'full_thickness_biopsy', 'take', 'day', 'blind', 'histopathologic', 'evaluation', 'use', 'hematoxylin_eosin', 'stain', 'slide', 'burn', 'consider', 'infected', 'presence', 'interstitial', 'reticular', 'dermal', 'neutrophil', 'contain', 'bacteria', 'intraobserver_agreement', 'kappa', 'quantitative', 'wound', 'culture', 'perform', 'second', 'day', 'specimen', 'result', 'day', 'wound', 'infection', 'rate', 'oca', 'ssd_pu', 'kruskal', 'test', 'day', 'infection', 'rate', 'oca', 'ssd_pu', 'median', 'bacterial_count', 'day', 'oca', 'ssd', 'proportion', 'completely', 'wound', 'day', 'oca', 'ssd_pu', 'conclusion', 'treatment', 'contaminate', 'partial_thickness_burn', 'oca', 'spray', 'result', 'few', 'infection', 'week', 'treatment']"
25,26.0,0.7764,"chest, pain, cardiac, acute, ecg, myocardial_infarction, risk, troponin, acs, stemi",2998,"['delta', 'ck_mb', 'outperform', 'delta', 'troponin', 'hour', 'rule', 'acute', 'myocardial_infarction', 'show', 'rise', 'creatine_kinase_mb', 'bank', 'ck_mb', 'ng_ml', 'hour', 'sensitive', 'equally', 'specific', 'detection', 'acute', 'myocardial_infarction', 'compare', 'hour', 'ck_mb', 'ng_ml', 'emergency', 'department', 'evaluation', 'chest', 'pain', 'cardiac', 'specific', 'troponin_ctni', 'think', 'similar', 'early', 'release', 'kinetic', 'compare', 'ck_mb_mass', 'undertake', 'retrospective', 'cohort', 'study', 'ch', 'pain', 'patient', 'baseline', 'ck_mb', 'ctni', 'less', 'time', 'hospital', 'upper', 'limit', 'normal', 'undergo', 'hour', 'ck', 'compare', 'sensitivity_specificity', 'hour', 'delta', 'ck_mb', 'deltack_mb', 'delta', 'ctni', 'delta', 'ctni', 'ami', 'day', 'adverse', 'outcome', 'day', 'define', 'ami', 'life_threaten', 'complication', 'death', 'percutaneous_transluminal_coronary', 'angioplasty', 'ptca', 'coronary_artery_bypass_graft', 'cabg', 'day', 'presentation', 'optimum', 'delta', 'value', 'determine', 'choose', 'small', 'cutoff', 'value', 'great', 'assay', 'precision', 'deltack_mb', 'delta', 'ctni', 'positive', 'likelihood_ratio', 'day', 'deltack_mb', 'ng_ml', 'sensitive', 'deltatni', 'ng_ml', 'ami', 'day', 'difference', 'specificity', 'ami', 'day', 'combine', 'test', 'mbdelta', 'ng_ml', 'deltatni', 'ng_ml', 'result', 'incremental', 'increase', 'sensitivity', 'ao', 'patient', 'rise', 'ck_mb', 'ng_ml', 'rise', 'ctni', 'ng_ml', 'hour', 'receive', 'consideration', 'aggressive', 'antiischemic', 'therapy', 'diagnostic', 'testing', 'make', 'exclusionary', 'diagnosis', 'nonischemic', 'chest', 'pain']"
26,27.0,0.8393,"degree, subject, temperature, volunteer, mm, measurement, measure, cm, fluid, difference",2129,"['tarp_assist_cooling', 'method', 'whole_body', 'cooling', 'hyperthermic', 'individual', 'study', 'objective', 'investigate', 'efficacy', 'tarp_assist_cooling', 'body', 'cooling', 'modality', 'method', 'participant', 'exercise', 'motorize', 'treadmill', 'hot', 'condition', 'ambient_temperature', 'degreec_degreef', 'sd', 'degreec_degreef', 'relative', 'humidity', 'sd', 'reach', 'exercise', 'induced', 'hyperthermia', 'exercise', 'participant', 'cool', 'partial', 'immersion', 'use', 'tarp_assist_cooling', 'method', 'water', 'temperature_degreec', 'degreef', 'sd', 'degreec_degreef', 'passive_cooling', 'climatic', 'chamber', 'result', 'difference', 'exercise', 'duration', 'mean', 'difference', 'minute', 'ci', 'minute', 'end', 'exercise', 'rectal_temperature', 'mean', 'difference', 'degreec_degreef', 'ci', 'degreec_degreec', 'degreef', 'degreef', 'tarp_assist_cooling', 'minute', 'sd', 'minute', 'rectal_temperature', 'degreec_degreef', 'sd', 'degreec_degreef', 'passive_cooling', 'minute', 'sd', 'minute', 'degreec_degreef', 'sd', 'degreec_degreef', 'cooling', 'time', 'rectal_temperature', 'degreec_degreef', 'significantly', 'fast', 'tarp_assist_cooling', 'minute', 'sd', 'minute', 'passive_cooling', 'sd', 'minute', 'cooling', 'rate', 'tarp_assist', 'cool', 'passive_cooling', 'degreec', 'min_degreef', 'min', 'sd', 'degreec', 'min_degreef', 'min', 'degreec', 'min_degreef', 'min', 'sd', 'degreec', 'min_degreef', 'min', 'respectively', 'mean', 'difference', 'degreec_degreef', 'ci', 'degreec_degreec', 'degreef', 'degreef', 'sex', 'difference', 'observe', 'tarp_assist_cooling', 'rate', 'man', 'degreec', 'min_degreef', 'min', 'sd', 'degreec', 'min_degreef', 'min', 'woman', 'degreec', 'min_degreef', 'min', 'sd', 'degreec', 'min_degreef', 'min', 'mean', 'difference', 'degreec', 'min_degreef', 'min', 'ci', 'degreec', 'min', 'degreec', 'min_degreef', 'min_degreef', 'min', 'woman', 'degreec', 'min_degreef', 'min', 'sd', 'degreec', 'min_degreef', 'min', 'great', 'cooling', 'rate', 'man', 'degreec', 'min_degreef', 'min', 'sd', 'degreec', 'min_degreef', 'min', 'passive_cooling', 'negligible', 'clinical', 'effect', 'mean', 'difference', 'degreec', 'min_degreef', 'min', 'ci', 'degreec', 'min', 'degreec', 'min_degreef', 'min_degreef', 'min', 'body_mass', 'moderately', 'negatively_correlate', 'cooling', 'rate', 'passive_cooling', 'tarp_assist_cooling', 'conclusion', 'absence', 'stationary', 'cooling', 'method', 'cold', 'water_immersion', 'tarp_assist_cooling', 'serve', 'alternative', 'field', 'expedient', 'method', 'provide', 'site', 'cooling', 'satisfactory', 'cooling', 'rate', 'american_college', 'emergency', 'physician', 'publish', 'inc_right_reserve']"
27,28.0,0.8824,"intubation, airway, attempt, success, intubate, perform, endotracheal_intubation, device, difficult, management",14816,"['comparison', 'king', 'vision', 'video_laryngoscope', 'macintosh_laryngoscope', 'background', 'endotracheal_intubation', 'common', 'procedure', 'emergency', 'department', 'new', 'device', 'improve', 'intubation', 'time', 'success', 'view', 'objective', 'compare', 'king', 'vision', 'video_laryngoscope', 'king', 'system', 'noblesville', 'macintosh', 'direct_laryngoscope', 'dl', 'simulated', 'normal', 'difficult', 'airway', 'method', 'use', 'manikin', 'clinical', 'grade', 'cadaver', 'difficult', 'airway', 'scenario', 'simulate', 'use', 'head', 'movement', 'restriction', 'cervical_spine', 'collar', 'scenario', 'study', 'use', 'kvvl', 'dl', 'normal', 'manikin', 'airway', 'difficult', 'manikin', 'airway', 'normal', 'cadaver', 'airway', 'difficult', 'cadaver', 'airway', 'primary', 'outcome', 'time', 'intubation', 'rate', 'successful', 'intubation', 'secondary', 'outcome', 'percent', 'glottic_opening', 'cormack_lehane_grade', 'visualize', 'result', 'paramedic', 'participate', 'study', 'normal', 'manikin', 'airway', 'scenario', 'time', 'intubation', 'confidence_interval', 'ci', 'fast', 'kvvl', 'compare', 'dl', 'time', 'intubation', 'ci', 'fast', 'kvvl', 'difficult', 'cadaver', 'airway', 'scenario', 'difference', 'time', 'intubation', 'scenario', 'difficult', 'cadaver', 'airway', 'participant', 'fail', 'successfully', 'intubate', 'trachea', 'use', 'dl', 'kvvl', 'intubation', 'successful', 'scenario', 'find', 'low', 'cormack_lehane_grade', 'high', 'percentage_glottic_opening', 'kvvl', 'compare', 'dl', 'conclusion', 'kvvl', 'slightly', 'faster', 'macintosh', 'study', 'airway', 'scenario', 'high', 'success', 'rate', 'difficult', 'cadaver', 'airway', 'scenario', 'study', 'require', 'clinical', 'setting', 'inc_right_reserve']"
28,29.0,0.8307,"ultrasound, perform, image, pe, examination, diagnosis, chest, bedside, ultrasonography, diagnostic",5785,"['real', 'time', 'ultrasound', 'detection', 'deep_venous_thrombosis', 'purpose', 'accurate', 'diagnosis', 'deep_venous_thrombosis_dvt', 'clinical', 'problem', 'emergency', 'practice', 'prospective', 'trial', 'conduct', 'compare', 'real', 'time', 'ultrasound', 'contrast_venography', 'diagnosis', 'proximal', 'dvt', 'method', 'patient', 'clinical', 'presentation', 'mandate', 'diagnostic', 'evaluation', 'dvt', 'real', 'time', 'ultrasound', 'involve', 'leg', 'follow', 'contrast_venography', 'initial', 'reading', 'ultrasound', 'venography', 'compare', 'final', 'reading', 'assess', 'reliability', 'interpretation', 'result', 'final', 'ultrasound', 'reading', 'agree', 'final', 'venogram', 'reading', 'patient', 'negative', 'initial', 'ultrasound', 'reading', 'agree', 'final', 'venogram', 'reading', 'patient', 'negative_predictive_value', 'confidence_interval', 'patient', 'positive', 'initial', 'ultrasound', 'reading', 'compare', 'positive', 'final', 'venogram', 'reading', 'positive', 'predictive_value', 'confidence_interval', 'conclusion', 'negative', 'real', 'time', 'ultrasonography', 'reliably', 'exclude', 'proximal', 'dvt', 'positive', 'ultrasound', 'reliably', 'diagnose', 'proximal', 'dvt', 'experience', 'hand']"
29,30.0,0.7918,"pressure, blood, arterial, mm_hg, measurement, gas, respiratory, measure, change, heart",7756,"['continuous', 'monitoring', 'critically_ill', 'patient', 'transcutaneous', 'oxygen', 'carbon_dioxide', 'conjunctival', 'oxygen', 'sensor', 'transcutaneous', 'ptco', 'conjunctival', 'pcjo', 'oxygen_tension', 'transcutaneous', 'ptcco', 'carbon_dioxide', 'tension', 'serially', 'measure', 'critically_ill', 'patient', 'patient', 'maintain', 'normal', 'great', 'blood', 'pressure', 'patient', 'severely', 'hypotensive', 'map', 'less', 'hg', 'suffer', 'cardiac_arrest', 'emergency', 'department', 'hemodynamically_stable', 'patient', 'correlation', 'ptco', 'pao', 'pcjo', 'pao', 'ptcco', 'paco', 'significant', 'correlation_coefficient', 'value', 'respectively', 'hemodynamically_unstable', 'patient', 'poor', 'correlation', 'ptco', 'pcjo', 'ptcco', 'arterial', 'blood', 'gas', 'value', 'severely', 'hypotensive', 'patient', 'however', 'ptco', 'pcjo', 'sensitive', 'real', 'time', 'monitor', 'peripheral', 'perfusion', 'tissue', 'oxygen', 'delivery', 'increase', 'pcjo', 'ptco', 'occur', 'minute', 'patient', 'regain', 'palpable', 'blood', 'pressure', 'pulseless', 'baseline', 'ptco', 'fall', 'minute', 'loss', 'blood', 'pressure', 'patient', 'clinical', 'condition', 'deteriorated', 'emergency', 'department', 'decrease', 'pcjo', 'previously', 'stable', 'level', 'occur', 'minute', 'loss', 'blood', 'pressure', 'transcutaneous', 'conjunctival', 'sensor', 'use', 'continuous', 'monitor', 'respiratory', 'status', 'hemodynamically_stable', 'patient', 'severely', 'hypotensive', 'patient', 'cardiopulmonary_resuscitation', 'sensor', 'longer', 'accurately', 'reflect', 'arterial', 'blood', 'gas', 'act', 'sensitive', 'real', 'time', 'monitor', 'cardiac', 'function', 'peripheral', 'perfusion', 'pcjo', 'detect', 'deterioration', 'clinical', 'state', 'alteration', 'blood', 'pressure', 'occur']"
30,31.0,0.9335,"compression, cpr, chest, ventilation, perform, minute, device, depth, cc, hand",15076,"['effective', 'rescuer', 'position', 'cardiopulmonary_resuscitation', 'provide', 'patient', 'bed', 'randomize', 'control', 'crossover', 'mannequin', 'study', 'background', 'effectiveness', 'chest', 'compression', 'cardiopulmonary_resuscitation_cpr', 'affect', 'rescuer', 'position', 'respect', 'patient', 'hospital', 'chest', 'compression', 'typically', 'perform', 'stand', 'patient', 'place', 'bed', 'study', 'objective', 'compare', 'effectiveness', 'chest', 'compression', 'perform', 'bed', 'min', 'cpr', 'different', 'rescuer', 'position', 'stand', 'footstool', 'kneel', 'bed', 'method', 'perform', 'crossover', 'randomized', 'simulation', 'trial', 'participant', 'recruit', 'student', 'department', 'paramedic', 'july_august', 'participant', 'enrol', 'perform', 'chest', 'compression', 'mannequin', 'min', 'different', 'position', 'week', 'interval', 'position', 'result', 'number', 'adequate', 'compression', 'depth', 'mm', 'mean', 'compression', 'depth', 'significantly', 'great', 'kneel', 'footstool', 'position', 'stand', 'position', 'significant', 'difference', 'kneeling', 'footstool', 'position', 'significant', 'difference', 'compression', 'rate', 'percentage', 'correctly', 'release', 'compression', 'percentage', 'compression', 'perform', 'use', 'correct', 'hand', 'position', 'rescuer', 'position', 'conclusion', 'mean', 'compression', 'depth', 'number', 'adequate', 'compression', 'great', 'kneel', 'footstool', 'position', 'stand', 'position', 'min', 'recommend', 'kneel', 'bed', 'standing', 'footstool', 'rescuer', 'position', 'hospital', 'cpr', 'bed', 'inc_right_reserve']"
31,32.0,0.8559,"student, resident, training, skill, performance, simulation, medicine, assessment, knowledge, train",8765,"['programmatic', 'assessment', 'level', 'milestone', 'income', 'intern', 'objective', 'accreditation_council_graduate', 'medical', 'education_acgme', 'next', 'accreditation', 'system', 'emergency', 'medicine', 'residency', 'program', 'require', 'report', 'resident', 'progress', 'milestone', 'milestone', 'include', 'progressively', 'advance', 'skill', 'level', 'level', 'define', 'skill', 'set', 'medical', 'school', 'graduate', 'level', 'attend', 'physician', 'acgme', 'stress', 'multiple', 'form', 'assessment', 'use', 'ensure', 'capture', 'multifaceted', 'competency', 'objective', 'study', 'determine', 'feasibility', 'result', 'programmatic', 'assessment', 'level', 'milestone', 'use', 'multisource', 'assessment', 'income', 'intern', 'july', 'method', 'study', 'population', 'intern', 'start', 'intern', 'level', 'milestone', 'assessment', 'do', 'distinct', 'method', 'postgraduate', 'orientation', 'assessment', 'poa', 'graduate', 'medical', 'education', 'office', 'incoming_intern', 'multistation', 'examination', 'cover', 'milestone', 'include', 'standardized', 'patient', 'case', 'task', 'completion', 'computer', 'base', 'station', 'direct', 'observation', 'patient', 'encounter', 'core', 'faculty', 'use', 'milestone', 'base', 'clinical', 'skill', 'competency', 'checklist', 'global', 'monthly', 'assessment', 'end', 'intern', 'orientation', 'month', 'update', 'reflect', 'milestone', 'faculty', 'assessment', 'procedural', 'lab', 'occur', 'july', 'orientation', 'month', 'include', 'poa', 'clinical', 'shift', 'didactic_session', 'procedure', 'lab', 'result', 'poa', 'intern', 'competent', 'milestone', 'assess', 'overall', 'competency', 'low', 'score', 'note', 'aseptic', 'technique', 'patient', 'care', 'milestone', 'write', 'verbal', 'hand', 'interpersonal_communication_skill', 'ic', 'overall', 'communication', 'intern', 'demonstrate', 'competency', 'excess', 'demonstrate', 'competency', 'critical', 'value', 'interpretation', 'inform_consent', 'pain', 'assessment', 'geriatric', 'functional', 'assessment', 'direct', 'observation', 'almost', 'level', 'milestone', 'achieve', 'however', 'intern', 'achieve', 'competency', 'pharmacotherapy', 'global', 'monthly', 'evaluation', 'intern', 'meet', 'level', 'milestone', 'conclusion', 'multisource', 'assessment', 'milestone', 'feasible', 'useful', 'determine', 'level', 'milestone', 'achievement', 'incoming_intern', 'structured', 'assessment', 'program', 'use', 'conjunction', 'traditional', 'form', 'evaluation', 'global', 'monthly', 'evaluation', 'direct', 'observation', 'useful', 'identify', 'deficit', 'new', 'trainee', 'able', 'inform', 'creation', 'early', 'intervention', 'program', 'society_academic', 'emergency', 'medicine']"
32,33.0,0.7981,"cardiac_arrest, survival, resuscitation, outcome, cpr, cardiac, arrest, discharge, defibrillation, ventricular_fibrillation",17950,"['automate_external_defibrillator', 'extent', 'algorithm', 'delay', 'cpr', 'study', 'objective', 'maximize', 'cardiopulmonary_resuscitation_cpr', 'resuscitation', 'improve', 'survival', 'resuscitation', 'protocol', 'stack_shock', 'achieve', 'defibrillation', 'follow', 'immediate', 'pulse_check', 'purpose', 'study', 'evaluate', 'outcome', 'rhythm', 'reanalyse', 'immediately', 'shock', 'stack_shock', 'initial', 'postshock', 'pulse_check', 'relation', 'achieve', 'pulse', 'initiate', 'cpr', 'method', 'conduct', 'observational', 'study', 'patient', 'ventricular_fibrillation', 'treat', 'first', 'tier', 'emergency', 'medical', 'service', 'ems', 'collect', 'datum', 'ems', 'dispatch', 'hospital', 'record', 'additionally', 'analyze', 'automatic_external_defibrillator', 'recording', 'determine', 'proportion', 'cardiac_arrest', 'victim', 'defibrillate', 'achieve', 'pulse', 'accord', 'shock', 'number', 'single', 'stack_shock', 'proportion', 'victim', 'pulse', 'initial', 'pulse_check', 'interval', 'initial', 'shock', 'cpr', 'result', 'study', 'include', 'cardiac_arrest', 'subject', 'automatic_external_defibrillator', 'terminate', 'ventricular_fibrillation', 'initial', 'shock', 'case', 'second', 'shock', 'terminate', 'ventricular_fibrillation', 'additional', 'case', 'third', 'shock', 'terminate', 'ventricular_fibrillation', 'case', 'initial', 'sequence', 'shock', 'fail', 'terminate', 'ventricular_fibrillation', 'case', 'total', 'automatic_external_defibrillator', 'perform', 'rhythm', 'reanalyse', 'initial', 'shock', 'sequence', 'deliver', 'stack_shock', 'termination', 'ventricular_fibrillation', 'synonymous', 'return', 'pulse', 'initial', 'shock', 'produce', 'pulse', 'eventually', 'detect', 'case', 'stack_shock', 'produce', 'pulse', 'case', 'case', 'pulse', 'return', 'pulse', 'detect', 'initial', 'postshock', 'pulse_check', 'time', 'case', 'median', 'interval', 'initial', 'shock', 'cpr', 'second', 'conclusion', 'rhythm', 'reanalyse', 'stack_shock', 'postshock', 'pulse_check', 'low', 'yield', 'achieve', 'detect', 'return', 'pulse', 'initiate', 'second', 'initial', 'shock']"
33,34.0,0.5632,"ci, associate, age, factor, risk, confidence_interval, association, odd_ratio, increase, adjust",16950,"['patient', 'sex', 'quality', 'care', 'patient', 'myocardial_infarction', 'objective', 'aim', 'study', 'assess', 'quality', 'care', 'male', 'female', 'emergency', 'department', 'patient', 'acute', 'myocardial_infarction', 'method', 'year', 'retrospective', 'cohort', 'study', 'patient', 'present', 'immediately', 'conduct', 'datum', 'patient', 'characteristic', 'clinical', 'presentation', 'process', 'care', 'obtain', 'chart', 'review', 'multivariable_regression', 'model', 'use', 'assess', 'independent', 'association', 'sex', 'ed', 'administration', 'aspirin', 'beta_blocker', 'reperfusion', 'therapy', 'eligible', 'patient', 'result', 'woman', 'man', 'study', 'female', 'patient', 'old', 'male', 'patient', 'year', 'woman', 'year', 'man', 'ideal', 'patient', 'woman', 'less', 'likely', 'man', 'receive', 'aspirin', 'woman', 'man', 'beta_blocker', 'woman', 'man', 'reperfusion', 'therapy', 'woman', 'man', 'however', 'adjustment', 'age', 'longer', 'significant', 'relationship', 'sex', 'use', 'aspirin', 'odd_ratio', 'confidence_interval', 'ci', 'beta_blocker', 'ci', 'reperfusion', 'therapy', 'ci', 'model', 'adjust', 'additional', 'demographic', 'clinical', 'hospital', 'characteristic', 'remain', 'association', 'sex', 'process', 'care', 'conclusion', 'woman', 'treat', 'low', 'likelihood', 'receive', 'aspirin', 'beta_blocker', 'reperfusion', 'therapy', 'however', 'association', 'appear', 'explain', 'age', 'difference', 'man_woman', 'apparent', 'sex', 'disparity', 'care', 'ami', 'management', 'remain', 'suboptimal', 'sex']"
34,35.0,0.9152,"research, medicine, process, base, identify, develop, practice, development, article, quality",10009,"['overcome_barrier', 'address', 'education', 'problem', 'research', 'design', 'panel', 'discussion', 'plenary', 'panel', 'session', 'academic', 'emergency', 'medicine', 'consensus_conference', 'education', 'research', 'emergency', 'medicine', 'opportunity', 'challenge', 'strategy', 'success', 'discuss', 'barrier', 'educator', 'face', 'imagine', 'design', 'implement', 'study', 'address', 'educational', 'challenge', 'proceeding', 'article', 'present', 'general', 'approach', 'get', 'start', 'education', 'research', 'example', 'study', 'medical', 'education', 'literature', 'illustrate', 'distinct', 'way', 'approach', 'specific', 'research', 'question', 'discuss', 'study', 'design', 'use', 'applicable', 'variety', 'education', 'research', 'problem', 'emergency', 'medicine', 'potential', 'application', 'study', 'discuss', 'well', 'effect', 'lesson_learn', 'society_academic', 'emergency', 'medicine']"
35,36.0,0.9431,"pain, receive, difference, treatment, trial, score, minute, randomize, placebo, acute",249,"['comparison', 'intravenous', 'lidocaine', 'ketorolac', 'combination', 'analgesic', 'alone', 'suspect', 'renal_colic', 'pain', 'study', 'objective', 'compare', 'analgesic', 'efficacy', 'safety', 'intravenous', 'lidocaine', 'ketorolac', 'combination', 'analgesic', 'alone', 'patient', 'suspect', 'renal_colic', 'method', 'conduct', 'randomize_double_blind', 'trial', 'compare', 'analgesic', 'efficacy', 'combination', 'intravenous', 'lidocaine', 'mg_kg', 'ketorolac', 'mg', 'ketorolac', 'mg', 'lidocaine', 'mg_kg', 'patient', 'aged', 'present', 'suspect', 'renal_colic', 'primary', 'outcome', 'include', 'difference', 'pain', 'score', 'group', 'min', 'secondary', 'outcome', 'include', 'comparative', 'reduction', 'pain', 'score', 'group', 'baseline', 'min', 'well', 'rate', 'adverse_event', 'need', 'rescue', 'analgesia', 'min', 'result', 'enrol', 'subject', 'group', 'difference', 'mean', 'pain', 'score', 'min', 'lidocaine', 'lidocaine', 'ketorolac', 'group', 'ci', 'ketorolac', 'lidocaine', 'ketorolac', 'group', 'ci', 'ketorolac', 'lidocaine', 'ci', 'comparative', 'percentage', 'subject', 'group', 'require', 'rescue', 'analgesia', 'min', 'clinically', 'concern', 'change', 'vital_sign', 'observe', 'serious', 'adverse_event', 'occur', 'group', 'commonly', 'report', 'adverse', 'effect', 'dizziness', 'nausea', 'headache', 'conclusion', 'administration', 'intravenous', 'lidocaine', 'ketorolac', 'combination', 'patient', 'suspect', 'renal_colic', 'result', 'better', 'analgesia', 'comparison', 'lidocaine', 'alone', 'provide', 'analgesic', 'advantage', 'ketorolac', 'alone', 'clinicaltrial_gov', 'registration', 'nct', 'right_reserve']"
36,37.0,0.786,"level, serum, blood, acute, concentration, glucose, mg_dl, sample, lactate, significantly",13972,"['serum', 'lactate', 'necessary', 'patient', 'normal', 'anion_gap', 'serum', 'bicarbonate', 'introduction', 'increase', 'patient', 'serum', 'lactate', 'draw', 'emergency', 'situation', 'objective', 'study', 'determine', 'necessary', 'obtain', 'lactate', 'level', 'patient', 'normal', 'serum', 'bicarbonate', 'level', 'anion_gap', 'method', 'retrospective', 'chart', 'review', 'evaluation', 'patient', 'serum', 'lactate', 'electrolyte', 'measure', 'emergency', 'setting', 'academic', 'medical', 'center', 'result', 'patient', 'elevated', 'serum', 'lactate', 'mmol', 'patient', 'normal', 'serum', 'bicarbonate', 'sb', 'great', 'mmol', 'normal', 'anion_gap', 'normal', 'range', 'meq', 'find', 'patient', 'conclusion', 'find', 'patient', 'elevated', 'serum', 'lactate', 'normal', 'anion_gap', 'normal', 'serum', 'bicarbonate', 'conclude', 'serum', 'lactate', 'draw', 'base', 'clinical', 'suspicion', 'anaerobic', 'tissue', 'metabolism', 'independent', 'serum', 'bicarbonate', 'anion_gap', 'value']"
37,38.0,0.7054,"score, model, predict, measure, variable, scale, performance, point, correlation, correlate",1779,"['estimation', 'severity', 'breathlessness', 'emergency', 'department', 'dyspnea', 'score', 'background', 'dyspnea', 'frequent', 'complaint', 'emergency', 'department', 'significant', 'amount', 'subjective', 'affective', 'component', 'therefore', 'dyspnea', 'score', 'base', 'patient', 'rate', 'ambiguous', 'purpose', 'develop', 'validate', 'simple', 'score', 'system', 'evaluate', 'severity', 'dyspnea', 'emergency', 'care', 'base', 'objectively', 'measure', 'parameter', 'method', 'perform', 'double', 'center', 'prospective_observational', 'study', 'include', 'patient', 'admit', 'eds', 'dyspnea', 'evaluate', 'patient', 'subjective', 'feeling', 'dyspnea', 'apply', 'dyspnea', 'severity', 'score', 'rating', 'dyspnea', 'dimension', 'point', 'validate', 'use', 'deterioration', 'ph', 'base', 'excess', 'lactate', 'level', 'blood', 'gas', 'sample', 'objective', 'classification', 'scale', 'ocs', 'point', 'point', 'group', 'result', 'dimension', 'correlate', 'closely', 'ocs', 'value', 'subjective', 'feeling', 'dyspnea', 'use', 'multiple', 'linear_regression', 'analysis', 'able', 'decrease', 'number', 'dimension', 'cause', 'significant', 'change', 'determination', 'coefficient', 'ocs', 'group', 'reduce', 'value', 'exercise_tolerance', 'cooperation', 'cyanosis', 'spo', 'value', 'show', 'high', 'sensitivity_specificity', 'predict', 'value', 'ocs', 'group', 'range', 'auc', 'sensitivity_specificity', 'close', 'correlation', 'subjective', 'dyspnea', 'score', 'ocs', 'point', 'value', 'scatter', 'large', 'conclusion', 'new', 'dss', 'validate', 'score', 'suitable', 'compare', 'severity', 'dyspnea', 'different', 'patient', 'different', 'illness', 'simplify', 'version', 'score', 'value', 'point', 'correction', 'factor', 'useful', 'triage', 'pre', 'hospital', 'care']"
38,39.0,0.8084,"standard, technique, require, procedure, provide, application, reduction, rapid, device, setting",18542,"['fiberglass', 'cast', 'application', 'plaster', 'paris', 'largely', 'supercede', 'cast', 'orthopedic', 'department', 'synthetic', 'cast', 'material', 'weight', 'relative', 'brittleness', 'unpopularity', 'patient', 'messiness', 'application', 'plaster', 'paris', 'remain', 'mainstay', 'cast', 'emergency', 'department', 'due', 'combination', 'economic', 'reason', 'belief', 'synthetic', 'cast', 'leave', 'less', 'room', 'swelling', 'relative', 'ease', 'application', 'compare', 'synthetic', 'material', 'present', 'technique', 'synthetic', 'cast', 'application', 'avoid', 'problem', 'rapidly', 'set', 'cast', 'therefore', 'allow', 'time', 'less', 'experience', 'hand', 'produce', 'well', 'fitting', 'cast', 'splint', 'believe', 'option', 'allow', 'patient', 'light', 'synthetic', 'cast', 'rather', 'traditional', 'plaster', 'paris', 'cast', 'welcome', 'patient', 'physician']"
39,40.0,0.809,"injury, trauma, fracture, head, blunt, center, mechanism, cervical_spine, severity, age",6762,"['retrospective', 'review', 'relationship', 'facial', 'fracture', 'head', 'injury', 'cervical_spine', 'injury', 'facial', 'fracture', 'common', 'multiply', 'traumatize', 'patient', 'result', 'previous', 'study', 'examine', 'relationship', 'facial', 'fracture', 'cervical_spine', 'injury', 'head', 'injury', 'produce', 'conflict', 'result', 'retrospective', 'review', 'blunt', 'trauma', 'patient', 'month', 'period', 'regional', 'trauma', 'unit', 'reveal', 'patient', 'facial', 'fracture', 'average', 'injury', 'severity', 'score', 'iss', 'patient', 'facial', 'fracture', 'compare', 'average', 'iss', 'entire', 'group', 'facial', 'fracture', 'patient', 'mandible', 'maxilla', 'zygoma', 'orbital', 'nasoethmoidal', 'frontal', 'cervical_spine', 'injury', 'atlanto', 'occipital', 'subluxation', 'patient', 'ultimately', 'die', 'survive', 'patient', 'cord', 'injury', 'contrast', 'show', 'evidence', 'head', 'injury', 'head', 'injury', 'serious', 'patient', 'require', 'craniotomy', 'relationship', 'facial', 'fracture', 'cervical_spine', 'injury', 'emphasize', 'head', 'injury', 'frequently', 'minor', 'much', 'commonly', 'associate', 'facial', 'fracture']"
