Topic Number,Contribution,Topic Keywords,Best Document,Document Tokens
1,0.7653,"score, ci, predict, risk, triage, model, rule, sensitivity, decision, criterion",17158,"['clinical', 'score', 'predict', 'need', 'hospitalization', 'scorpion_envenomation', 'objective', 'predict', 'complication', 'clinical', 'challenge', 'assessment', 'victim', 'scorpion_envenomation', 'seek', 'develop', 'clinical', 'score', 'predict', 'need', 'hospitalization', 'scorpion', 'sting', 'method', 'prospectively', 'collect', 'datum', 'patient', 'attend', 'emergency', 'department', 'derivation_validation', 'group', 'score', 'derive', 'multiple', 'regression', 'analysis', 'use', 'clinical', 'variable', 'dependent', 'variable', 'hospitalization', 'independent', 'variable', 'result', 'discrimination', 'power', 'construct', 'score', 'good', 'area_receiver_operate_characteristic', 'curve', 'derivation_validation', 'group', 'respectively', 'goodness_fit', 'test', 'indicate', 'score', 'perform', 'well', 'derivation_validation', 'group', 'respectively', 'score', 'good', 'sensitivity', 'negative_predictive_value', 'cutoff', 'value', 'conclusion', 'clinical', 'score', 'use', 'efficient', 'hospital', 'admission', 'decision', 'patient', 'victim']"
2,0.9665,"injury, fracture, trauma, chest, abdominal, radiographs, cervical_spine, radiography, blunt, radiograph",5960,"['anteroposterior', 'cervical_spine', 'radiograph', 'necessary', 'initial', 'trauma', 'screening', 'usefulness', 'anteroposterior', 'ap', 'radiograph', 'cervical_spine', 'contribute', 'diagnosis', 'cervical_spine', 'injury', 'acute', 'trauma', 'patient', 'examine', 'retrospective', 'study', 'case', 'cervical_spine', 'fracture', 'dislocation', 'see', 'level', 'trauma', 'center', 'year', 'period', 'rehabilitation', 'center', 'year', 'period', 'review', 'lateral', 'radiograph', 'open', 'mouth', 'odontoid', 'radiograph', 'radiograph', 'case', 'sequentially', 'examine', 'neuroradiologist', 'blind', 'original', 'diagnosis', 'determine', 'contribution', 'view', 'make', 'diagnosis', 'cervical_spine', 'injury', 'result', 'review', 'show', 'case', 'cervical_spine', 'injury', 'evident', 'ap', 'view', 'obvious', 'corresponding', 'abnormality', 'lateral', 'open', 'mouth', 'view', 'conclude', 'ap', 'view', 'drop', 'initial', 'screen', 'radiographic', 'study', 'cervical_spine', 'trauma', 'patient', 'adequate', 'lateral', 'view', 'open', 'mouth', 'odontoid', 'view', 'necessary', 'initially', 'evaluate', 'cervical_spine', 'trauma', 'patient', 'decision', 'obtain', 'study', 'base', 'safely', 'lateral', 'open', 'mouth', 'view']"
3,0.9755,"measure, measurement, agreement, estimate, assessment, correlation, kappa, assess, weight, accuracy",6250,"['introduction', 'biostatistic', 'part', 'statistical', 'inference', 'technique', 'hypothesis', 'test', 'statistical', 'method', 'use', 'test', 'null_hypothesis', 'term', 'test', 'significance', 'selection', 'appropriate', 'test', 'significance', 'dependent', 'type', 'datum', 'analyze', 'number', 'group', 'compare', 'parametric', 'test', 'significance', 'base', 'parameter', 'mean', 'standard_deviation', 'variance', 'thus', 'use', 'appropriately', 'interval', 'ratio', 'datum', 'analyze', 'test', 'analysis', 'variance_anova', 'example', 'parametric', 'test', 'significance', 'assumption', 'regard', 'datum', 'analyze', 'use', 'test', 'anova', 'include', 'normality', 'population', 'sample', 'datum', 'draw', 'homogeneity', 'variance', 'population', 'sample', 'datum', 'draw', 'independence', 'datum', 'point', 'sample', 'group', 'test', 'appropriate', 'test', 'significance', 'use', 'group', 'compare', 'group', 'compare', 'anova', 'appropriate', 'test', 'anova', 'hold', 'preset', 'alpha', 'level', 'constant', 'anova', 'imply', 'significant', 'difference', 'group', 'compare', 'multiple', 'comparison', 'test', 'define', 'group', 'differ', 'significantly']"
4,0.9728,"diagnosis, case, symptom, acute, disease, presentation, common, pain, review, treatment",12550,"['reversible', 'cerebral', 'vasoconstriction', 'syndrome', 'present', 'subarachnoid_hemorrhage', 'rare', 'cause', 'postpartum', 'seizure', 'reversible', 'cerebral', 'vasoconstriction', 'syndrome', 'rcvs', 'rare', 'cerebrovascular', 'disorder', 'affect', 'large', 'medium', 'sized', 'artery', 'occur', 'commonly', 'young', 'woman', 'thunderclap', 'headache', 'usual', 'primary', 'symptom', 'seizure', 'uncommon', 'postpartum', 'period', 'seizure', 'significant', 'concern', 'main', 'cause', 'postpartum', 'seizure', 'posterior', 'reversible', 'encephalopathy', 'syndrome', 'cortical', 'venous_thrombosis', 'rcvs', 'related', 'postpartum', 'seizure', 'rare', 'rarity', 'course', 'fulminant', 'result', 'permanent', 'disability', 'death', 'diagnosis', 'delay', 'treatment', 'start', 'promptly', 'report', 'unusual', 'case', 'rcvs', 'present', 'subarachnoid_hemorrhage', 'year', 'old', 'woman', 'admit', 'postpartum', 'seizure', 'inc_right_reserve']"
5,0.9849,"chest, pain, acute, cardiac, ecg, myocardial_infarction, risk, troponin, acs, stemi",20508,"['delta', 'ck_mb', 'outperform', 'delta', 'troponin', 'hour', 'rule', 'acute', 'myocardial_infarction', 'show', 'rise', 'creatine_kinase_mb', 'bank', 'ck_mb', 'ng_ml', 'hour', 'sensitive', 'equally', 'specific', 'detection', 'acute', 'myocardial_infarction', 'compare', 'hour', 'ck_mb', 'ng_ml', 'emergency', 'department', 'evaluation', 'chest', 'pain', 'cardiac', 'specific', 'troponin_ctni', 'think', 'similar', 'early', 'release', 'kinetic', 'compare', 'ck_mb_mass', 'undertake', 'retrospective', 'cohort', 'study', 'ch', 'pain', 'patient', 'baseline', 'ck_mb', 'ctni', 'less', 'time', 'hospital', 'upper', 'limit', 'normal', 'undergo', 'hour', 'ck', 'compare', 'sensitivity_specificity', 'hour', 'delta', 'ck_mb', 'deltack_mb', 'delta', 'ctni', 'delta', 'ctni', 'ami', 'day', 'adverse', 'outcome', 'day', 'define', 'ami', 'life_threaten', 'complication', 'death', 'percutaneous_transluminal_coronary', 'angioplasty', 'ptca', 'coronary_artery_bypass_graft', 'cabg', 'day', 'presentation', 'optimum', 'delta', 'value', 'determine', 'choose', 'small', 'cutoff', 'value', 'great', 'assay', 'precision', 'deltack_mb', 'delta', 'ctni', 'positive', 'likelihood_ratio', 'day', 'deltack_mb', 'ng_ml', 'sensitive', 'deltatni', 'ng_ml', 'ami', 'day', 'difference', 'specificity', 'ami', 'day', 'combine', 'test', 'mbdelta', 'ng_ml', 'deltatni', 'ng_ml', 'result', 'incremental', 'increase', 'sensitivity', 'ao', 'patient', 'rise', 'ck_mb', 'ng_ml', 'rise', 'ctni', 'ng_ml', 'hour', 'receive', 'consideration', 'aggressive', 'antiischemic', 'therapy', 'diagnostic', 'testing', 'make', 'exclusionary', 'diagnosis', 'nonischemic', 'chest', 'pain']"
6,0.8805,"intervention, control, follow, trial, month, randomize, outcome, receive, day, primary",15374,"['quitline', 'referral', 'self', 'help', 'manual', 'tobacco', 'use', 'cessation', 'emergency', 'department', 'feasibility', 'study', 'background', 'tobacco', 'use', 'counseling', 'intervention', 'deliver', 'primary', 'care', 'set', 'efficacious', 'limited', 'evidence', 'exist', 'regard', 'feasibility', 'efficacy', 'emergency', 'department', 'randomize', 'control', 'trial', 'evaluate', 'referral', 'outpatient', 'tobacco', 'use', 'counsel', 'single', 'subject', 'intervention', 'group', 'attend', 'schedule', 'clinic', 'appointment', 'telephone', 'counseling', 'potentially', 'afford', 'opportunity', 'provide', 'population', 'individual', 'counseling', 'conveniently', 'traditional', 'clinic', 'counseling', 'purpose', 'preliminary', 'study', 'evaluate', 'intervention', 'completion', 'rate', 'cigarette', 'smoker', 'enrol', 'tobacco', 'quitline', 'ql', 'assess', 'feasibility', 'randomize', 'control', 'trial', 'assess', 'efficacy', 'intervention', 'method', 'conduct', 'prospective', 'randomize', 'control', 'blinded', 'pilot', 'study', 'enrol', 'cigarette', 'smoker', 'present', 'tertiary', 'care', 'patient', 'indicate', 'desire', 'quit_smoke', 'randomize', 'receive', 'proactive', 'telephone', 'counseling', 'ql', 'intervention', 'self', 'help', 'manual', 'control', 'result', 'smoker', 'indicate', 'interest', 'quitting', 'subject', 'randomize', 'ql', 'control', 'meet_inclusion_criterion', 'refuse', 'participate', 'total', 'patient', 'enrol', 'ql', 'complete', 'full', 'intervention', 'however', 'total', 'patient', 'reach', 'follow', 'month', 'arm', 'month', 'follow', 'total', 'subject', 'disconnect', 'phone', 'longer', 'live', 'provide', 'phone', 'number', 'provide', 'incorrect', 'number', 'decline', 'provide', 'follow', 'remainder', 'reach', 'assume', 'patient', 'unavailable', 'follow', 'still', 'smoke', 'day', 'point', 'prevalence', 'smoking', 'abstinence', 'rate', 'month', 'ci', 'ql', 'group', 'ci', 'control', 'group', 'conclusion', 'compliance', 'ql', 'intervention', 'encourage', 'hold_promise', 'provide', 'need', 'tobacco', 'use', 'counseling', 'patient', 'future', 'study', 'require', 'focus', 'effective', 'mechanism', 'obtain', 'outcome', 'measure', 'large', 'sample', 'size']"
7,0.8319,"trauma, injury, center, score, head, level, severity, blunt, outcome, mortality",18266,"['trauma', 'elderly', 'community', 'base', 'study', 'outcome', 'trauma', 'non', 'trauma', 'center', 'publish_acad_emerg_med']"
8,0.9799,"wound, burn, laceration, skin, infection, eye, suture, day, foreign_body, anesthesia",19183,"['development', 'porcine', 'excisional', 'wound', 'model', 'objective', 'develop', 'porcine_model', 'cutaneous', 'tangential', 'excisional', 'wound', 'method', 'prospective', 'longitudinal', 'blinded', 'experiment', 'isoflurane', 'anesthetized_swine', 'standardized', 'excisional', 'wound', 'square', 'inch', 'create', 'electric', 'dermatome', 'set', 'depth', 'microm', 'full_thickness', 'wound', 'create', 'surgical', 'blade', 'depth', 'wound', 'treat', 'polyurethane', 'film', 'full_thickness', 'punch', 'biopsy', 'take', 'day', 'blind', 'histopathological', 'evaluation', 'main', 'outcome', 'percent', 'wound', 'reepithelialization', 'rep', 'calculate', 'divide', 'length', 'neoepidermis', 'cross', 'section', 'specimen', 'diameter', 'interobserver', 'correlation', 'analysis', 'variance', 'use', 'compare', 'percent', 'rep', 'wound', 'depth', 'study', 'power', 'detect', 'difference', 'rep', 'group', 'tailed_alpha', 'result', 'significant', 'difference', 'percent', 'rep', 'wound', 'depth', 'day', 'day', 'superficial', 'wound', 'microm', 'mostly', 'reepithelialize', 'day', 'wound', 'range', 'depth', 'micro', 'mostly', 'heal', 'day', 'full_thickness', 'wound', 'evidence', 'rep', 'even', 'day', 'conclusion', 'author', 'describe', 'excisional', 'wound', 'model', 'swine', 'rapid', 'reepithelialization', 'occur', 'day', 'wound', 'microm', 'deep']"
9,0.9463,"drug, exposure, case, overdose, poisoning, report, ingestion, poison, cocaine, toxicity",15492,"['iguana', 'bite', 'report', 'texas_poison', 'center', 'thousand', 'iguana', 'keep', 'pet', 'united_state', 'information', 'bite', 'limited', 'intent', 'investigation', 'describe', 'pattern', 'iguana', 'bite', 'report', 'texas_poison', 'center', 'iguana', 'bite', 'report', 'identify', 'distribution', 'case', 'various', 'factor', 'determine', 'total', 'bite', 'manage', 'site', 'patient', 'route', 'health', 'care', 'facility', 'poison', 'center', 'contact', 'refer', 'health', 'care', 'facility', 'medical', 'outcome', 'effect', 'case', 'minor', 'effect', 'moderate', 'effect', 'follow', 'minimal', 'effect', 'possible', 'unable', 'follow', 'potentially', 'toxic', 'iguana', 'bite', 'report', 'texas_poison', 'center', 'result', 'serious', 'effect', 'manage', 'site', 'inc_right_reserve']"
10,0.9691,"intubation, airway, attempt, success, technique, perform, intubate, endotracheal_intubation, device, difficult",13502,"['tracheal_intubation', 'mcgrath', 'series', 'video_laryngoscope', 'novice', 'personnel', 'cervical', 'immobilize', 'manikin', 'background', 'prehospital', 'tracheal_intubation', 'perform', 'novice_intubator', 'cervical', 'immobilize', 'patient', 'however', 'indirect', 'laryngoscope', 'require', 'special', 'training', 'mcgrath', 'series', 'video_laryngoscope', 'similar', 'macintosh_laryngoscope', 'shape', 'usage', 'yet', 'still', 'confer', 'advantage', 'indirect', 'laryngoscope', 'objective', 'study', 'compare', 'tracheal_intubation', 'novice', 'user', 'use', 'mcgrath', 'series', 'video_laryngoscope', 'macintosh_laryngoscope', 'cervical', 'immobilize', 'manikin', 'method', 'nurse', 'intubate', 'trachea', 'manikin', 'use', 'mcgrath', 'series', 'video_laryngoscope', 'macintosh_laryngoscope', 'random', 'order', 'repeated', 'procedure', 'manikin', 'cervical_collar', 'success', 'rate', 'time', 'success', 'number', 'intubation', 'attempt', 'dental', 'click', 'difficulty', 'score', 'compare', 'laryngoscope', 'result', 'first', 'attempt', 'success', 'rate', 'high', 'mcgrath', 'series', 'compare', 'macintosh_laryngoscope', 'cervical_immobilization', 'respectively', 'however', 'overall', 'intubation', 'success', 'rate', 'cervical_collar', 'different', 'tracheal_intubation', 'use', 'mcgrath', 'series', 'faster', 'macintosh_laryngoscope', 'regardless', 'presence', 'cervical_collar', 'mcgrath', 'series', 'require', 'few', 'trial', 'few', 'dental', 'click', 'easy', 'use', 'macintosh_laryngoscope', 'conclusion', 'mcgrath', 'series', 'video_laryngoscope', 'better', 'standard', 'macintosh_laryngoscope', 'novice_intubator', 'intubate', 'trachea', 'cervical_immobilization', 'high', 'first', 'attempt', 'success', 'rate', 'fast', 'intubation', 'time', 'few', 'dental', 'click', 'low', 'number', 'intubation', 'attempt', 'overall', 'ease', 'use', 'inc_right_reserve']"
11,0.9863,"review, eps, medicine, article, report, ep, quality, publish, search, journal",1924,"['blog_podcast_watch', 'cutaneous', 'emergency', 'introduction', 'westjem_blog_podcast_watch', 'present', 'high', 'quality', 'open', 'access', 'educational', 'blog_podcast', 'emergency', 'medicine', 'base', 'ongoing', 'academic', 'life', 'emergency', 'medicine', 'aliem', 'approve_instructional_resource', 'air', 'air', 'professional', 'series', 'series', 'critically_appraise', 'resource', 'use', 'objective', 'score', 'rubric', 'installment', 'blog_podcast_watch', 'highlight', 'topic', 'cutaneous', 'emergency', 'air', 'series', 'method', 'air', 'series', 'continuously', 'build', 'curriculum', 'follow', 'council', 'emergency', 'medicine', 'residency_director_cord', 'annual', 'testing', 'schedule', 'module', 'relevant', 'content', 'collect', 'top', 'access', 'site', 'social_medium', 'index', 'publish', 'previous', 'month', 'score', 'board', 'member', 'use', 'equally', 'weight', 'measurement', 'outcome', 'good', 'evidence', 'emergency', 'medicine', 'beem', 'score', 'accuracy', 'educational', 'utility', 'evidence', 'base', 'reference', 'resource', 'score', 'available', 'point', 'receive', 'air', 'label', 'resource', 'score', 'receive', 'honorable_mention', 'label', 'editorial_board', 'agree', 'accurate', 'educationally', 'valuable', 'result', 'total', 'blog_post', 'podcast', 'evaluate', 'none', 'score', 'point', 'necessary', 'air', 'label', 'honorable_mention', 'post', 'identify', 'key', 'educational', 'pearl', 'honorable_mention', 'post', 'summarize', 'conclusion', 'blog_podcast_watch', 'series', 'base', 'air', 'air_pro_series', 'attempt', 'identify', 'high', 'quality', 'educational', 'content', 'open', 'access', 'blog_podcast', 'series', 'provide', 'expert', 'base', 'post', 'publication', 'curation', 'educational', 'social_medium', 'content', 'clinician', 'installment', 'focus', 'cutaneous', 'emergency']"
12,0.6081,"child, pediatric, age, young, month, infant, parent, ped, aged, adult",1899,"['child', 'present', 'complex', 'febrile_seizure', 'need', 'lumbar_puncture', 'study', 'objective', 'assess', 'prevalence', 'bacterial_meningitis', 'herpes', 'simplex', 'virus', 'meningoencephalitis', 'hsv', 'child', 'complex', 'febrile_seizure', 'determine', 'prevalence', 'subgroup', 'child', 'clinical', 'examination', 'result', 'suggestive', 'meningitis_encephalitis', 'method', 'multicenter', 'retrospective', 'study', 'conduct', 'pediatric', 'emergency', 'department', 'eds', 'region', 'paris', 'france', 'visit', 'patient', 'aged', 'month', 'year', 'complex', 'febrile_seizure', 'january_december', 'analyze', 'define', 'subgroup', 'patient', 'clinical', 'examination', 'result', 'suggestive', 'meningitis_encephalitis', 'bacterial_meningitis', 'hsv', 'sequentially', 'seek', 'analyze', 'bacteriologic', 'viral', 'datum', 'visit', 'look', 'datum', 'second', 'visit', 'hospital', 'index', 'visit', 'telephone', 'child', 'parent', 'result', 'total', 'visit', 'pediatric', 'eds', 'patient', 'present', 'complex', 'febrile_seizure', 'lumbar_puncture', 'outcome', 'bacterial_meningitis', 'hsv', 'ascertainable', 'visit', 'respectively', 'find', 'case', 'bacterial_meningitis', 'confidence_interval', 'ci', 'ci', 'visit', 'child', 'clinical', 'examination', 'result', 'suggest', 'meningitis_encephalitis', 'find', 'bacterial_meningitis', 'ci', 'hsv', 'ci', 'conclusion', 'child', 'complex', 'febrile_seizure', 'bacterial_meningitis', 'hsv', 'unexpected', 'event', 'clinical', 'examination', 'complex', 'febrile_seizure', 'suggestive', 'meningitis_encephalitis', 'american_college', 'emergency', 'physician', 'publish', 'inc_right_reserve']"
13,0.8651,"level, serum, blood, concentration, sample, acute, laboratory, glucose, mg_dl, plasma",13972,"['serum', 'lactate', 'necessary', 'patient', 'normal', 'anion_gap', 'serum', 'bicarbonate', 'introduction', 'increase', 'patient', 'serum', 'lactate', 'draw', 'emergency', 'situation', 'objective', 'study', 'determine', 'necessary', 'obtain', 'lactate', 'level', 'patient', 'normal', 'serum', 'bicarbonate', 'level', 'anion_gap', 'method', 'retrospective', 'chart', 'review', 'evaluation', 'patient', 'serum', 'lactate', 'electrolyte', 'measure', 'emergency', 'setting', 'academic', 'medical', 'center', 'result', 'patient', 'elevated', 'serum', 'lactate', 'mmol', 'patient', 'normal', 'serum', 'bicarbonate', 'sb', 'great', 'mmol', 'normal', 'anion_gap', 'normal', 'range', 'meq', 'find', 'patient', 'conclusion', 'find', 'patient', 'elevated', 'serum', 'lactate', 'normal', 'anion_gap', 'normal', 'serum', 'bicarbonate', 'conclude', 'serum', 'lactate', 'draw', 'base', 'clinical', 'suspicion', 'anaerobic', 'tissue', 'metabolism', 'independent', 'serum', 'bicarbonate', 'anion_gap', 'value']"
14,0.8905,"pressure, blood, arterial, mm_hg, change, oxygen, respiratory, increase, measurement, gas",7222,"['aortic', 'blood', 'flow', 'sequential', 'mast', 'inflation', 'cardiac_output', 'pulse', 'rate', 'blood', 'pressure', 'distal', 'abdominal', 'aortic', 'blood', 'flow', 'measure', 'healthy_volunteer', 'sequential', 'inflation', 'medical', 'antishock_trouser', 'full', 'inflation', 'compartment', 'decrease', 'distal', 'aortic', 'blood', 'flow', 'quarter', 'less', 'increase', 'blood', 'pressure', 'less', 'effect', 'cardiac_output', 'pulse', 'rate', 'inflation', 'low', 'pressure', 'markedly', 'less', 'effective']"
15,0.9522,"degree, temperature, fluid, hypothermia, water, ml, body, cooling, air, heat",11490,"['augmentation', 'cooling', 'capacity', 'refrigerate', 'fluid', 'minimize', 'heat', 'gain', 'fluid', 'use', 'simple', 'method', 'cold', 'insulation', 'objective', 'study', 'undertake', 'determine', 'rapidly', 'refrigerate', 'fluid', 'gain', 'heat', 'bolus', 'infusion', 'determine', 'refrigerate', 'fluid', 'keep', 'cold', 'simple', 'cold', 'insulation', 'method', 'method', 'liter', 'refrigerated', 'fluid', 'run', 'gauge_catheter', 'group', 'gauge_catheter', 'group', 'monitor', 'temperature', 'fluid', 'bag', 'outflow', 'site', 'group', 'fluid', 'bag', 'place', 'ice_pack', 'insulating', 'sleeve', 'fluid', 'run', 'result', 'group', 'outflow', 'temperature', 'increase', 'degree', 'fluid', 'run', 'meanwhile', 'outflow', 'temperature', 'group', 'remain', 'degree', 'respectively', 'temperature', 'differ', 'significantly', 'group', 'group', 'respectively', 'conclusion', 'substantial', 'heat', 'gain', 'occur', 'refrigerate', 'fluid', 'even', 'relatively', 'short', 'duration', 'bolus', 'infusion', 'heat', 'gain', 'however', 'easily', 'minimize', 'cold', 'insulation', 'fluid', 'bag', 'society_academic', 'emergency', 'medicine']"
16,0.953,"injury, related, victim, age, crash, death, case, driver, report, male",1440,"['stair', 'related', 'injury', 'treat', 'united_state', 'emergency', 'department', 'objective', 'investigate', 'characteristic', 'stair', 'related', 'injury', 'individual', 'age', 'estimate', 'national', 'injury', 'frequency', 'rate', 'use', 'representative', 'sample', 'patient', 'treat', 'united_state', 'emergency', 'department', 'method', 'datum', 'national', 'electronic', 'injury', 'surveillance', 'system', 'analyze', 'patient', 'treat', 'stair', 'related', 'injury', 'unite_state', 'emergency', 'department', 'result', 'estimate', 'patient', 'treat', 'emergency', 'department', 'stair', 'related', 'injury', 'year', 'study', 'period', 'average', 'patient', 'annually', 'injurie', 'united_state', 'resident', 'annual', 'rate', 'stair', 'related', 'injury', 'decrease', 'follow', 'increase', 'high', 'injury', 'rate', 'occur', 'young', 'child', 'old', 'adult', 'majority', 'emergency', 'department', 'visit', 'stair', 'related', 'injury', 'individual', 'year', 'old', 'patient', 'female', 'also', 'high', 'injury', 'rate', 'male', 'sprain_strain', 'soft_tissue', 'injury', 'fracture', 'common', 'type', 'injury', 'body', 'region', 'frequently', 'injure', 'low', 'extremity', 'head', 'neck', 'patient', 'year', 'old', 'experience', 'head', 'neck', 'injury', 'old', 'adult', 'patient', 'frequently', 'sustained', 'fracture', 'young', 'age', 'group', 'conclusion', 'stair', 'common', 'source', 'injury', 'individual', 'age', 'frequency', 'rate', 'stair', 'related', 'injury', 'increase', 'underscore', 'need', 'increase', 'prevention', 'effort', 'particularly', 'related', 'stair', 'design', 'construction', 'inc_right_reserve']"
17,0.9574,"cost, health, system, service, disaster, event, provide, public, facility, model",6220,"['hospital', 'merger', 'legal', 'personal', 'implication', 'emergency', 'physician', 'east', 'central', 'illinois', 'last', 'year', 'hospital', 'author', 'contract', 'emergency', 'physician', 'various', 'stage', 'merger', 'nearby', 'hospital', 'hospital', 'merge', 'medical', 'center', 'basis', 'experience', 'share', 'emergency', 'physician', 'consolidation', 'health', 'care', 'facility', 'seem', 'wave', 'future', 'due', 'financial', 'constraint', 'health', 'care', 'setting', 'lesson_learn', 'experience', 'involve', 'many', 'issue', 'include', 'work', 'contract', 'malpractice', 'insurance', 'payment', 'physician', 'nurse', 'staff', 'public', 'information', 'problem']"
18,0.9867,"visit, increase, ed, utilization, health, population, prescription, national, related, number",12737,"['freestande', 'emergency', 'department', 'choose', 'locate', 'national', 'inventory', 'geographic', 'analysis', 'state', 'study', 'objective', 'determine', 'number', 'location', 'freestande', 'emergency', 'department', 'ed', 'united_state', 'determine', 'population', 'characteristic', 'area', 'freestande', 'eds', 'located', 'method', 'conduct', 'systematic', 'inventory', 'freestande', 'state', 'high', 'number', 'freestande', 'ed', 'link', 'demographic', 'insurance', 'health', 'service', 'datum', 'use', 'digit', 'zip_code', 'correspond', 'freestande', 'location', 'create', 'comparison', 'nonfreestanding', 'group', 'match', 'freestande', 'eds', 'nonfreestanding', 'ed', 'zip_code', 'land', 'population', 'state', 'compare', 'difference', 'demographic', 'insurance', 'health', 'service', 'factor', 'match', 'zip_code', 'freestande', 'ed', 'use', 'univariate', 'regression', 'weight', 'result', 'identify', 'freestande', 'eds', 'located', 'state', 'freestande', 'hospital', 'satellite', 'independent', 'classifiable', 'state', 'high', 'number', 'freestande', 'account', 'freestande', 'texa', 'ohio', 'colorado', 'state', 'freestande', 'eds', 'located', 'zip_code', 'high', 'income', 'low', 'proportion', 'population', 'medicaid', 'texas', 'ohio', 'freestande', 'eds', 'located', 'zip_code', 'high', 'proportion', 'population', 'private_insurance', 'texa', 'freestande', 'located', 'zip_code', 'few', 'hispanic', 'great', 'number', 'hospital', 'base', 'eds', 'physician', 'office', 'physician', 'visit', 'medical', 'spending', 'year', 'zip_code', 'freestande', 'ed', 'freestande', 'eds', 'located', 'zip_code', 'few', 'hospital', 'base', 'conclusion', 'texa', 'ohio', 'colorado', 'freestande', 'eds', 'located', 'area', 'well', 'payer', 'mix', 'location', 'freestande', 'eds', 'relation', 'health', 'care', 'facility', 'use', 'spend', 'health', 'care', 'vary', 'state', 'american_college', 'emergency', 'physician', 'publish', 'inc_right_reserve']"
19,0.9856,"compression, cpr, chest, device, perform, minute, ventilation, technique, hand, standard",8637,"['push', 'fast', 'recommendation', 'perform', 'cpr', 'cause', 'excessive', 'chest', 'compression', 'rate', 'manikin', 'model', 'background', 'increase', 'chest', 'compression', 'rate', 'cardiopulmonary_resuscitation', 'affect', 'workload', 'ultimately', 'quality', 'chest', 'compression', 'study', 'examine', 'effect', 'compression', 'rate', 'fast', 'cardiopulmonary_resuscitation_cpr', 'performance', 'method', 'crossover', 'randomized', 'order', 'design', 'use', 'participant', 'perform', 'chest', 'compression', 'ventilation', 'manikin', 'compression', 'rate', 'minute', 'cpm', 'push', 'fast', 'pf', 'participant', 'perform', 'chest', 'compression', 'rate', 'cpm', 'pf', 'subsequently', 'switch', 'minute', 'rest', 'result', 'cpr', 'qualify', 'nonprofessional', 'voluntarily', 'participate', 'study', 'session', 'rescuer', 'perform', 'cpr', 'high', 'compression', 'rate', 'cpm', 'compression', 'minute', 'duty_cycle', 'low', 'percentage', 'effective', 'compression', 'low', 'compression', 'depth', 'mm', 'cpm', 'session', 'cpr', 'quality', 'deteriorate', 'number', 'percentile', 'effective', 'compression', 'third', 'minute', 'pf', 'session', 'fourth', 'minute', 'cpm', 'session', 'percentile', 'compression', 'adequate', 'depth', 'cpm', 'session', 'high', 'pf', 'session', 'second', 'third', 'fourth', 'minute', 'cpr', 'conclusion', 'push', 'fast', 'technique', 'show', 'significant', 'decrease', 'percentile', 'effective', 'chest', 'compression', 'compared', 'cpm', 'technique', 'minute', 'hand', 'cpr', 'pf', 'technique', 'exhibit', 'trend', 'increase', 'fatigue', 'rescuer', 'result', 'early', 'decay', 'cpr', 'quality', 'inc_right_reserve']"
20,0.9852,"ultrasound, ci, appendicitis, diagnosis, diagnostic, perform, positive, test, pe, accuracy",2889,"['utility', 'low', 'extremity', 'venous', 'ultrasound', 'scanning', 'diagnosis', 'exclusion', 'pulmonary_embolism', 'outpatient', 'study', 'objective', 'emergency', 'physician', 'frequently', 'rely', 'normal', 'finding', 'low', 'extremity', 'venous', 'ultrasound', 'examination', 'method', 'decrease', 'probability', 'pulmonary_embolism_pe', 'outpatient', 'nondiagnostic', 'ventilation', 'perfusion', 'lung', 'scan', 'scan', 'objective', 'study', 'evaluate', 'diagnostic', 'utility', 'bilateral', 'low', 'extremity', 'venous', 'ultrasound', 'scanning', 'diagnosis', 'pe', 'emergency', 'department', 'patient', 'low', 'moderate', 'indeterminate', 'probability', 'nondiagnostic', 'scan', 'method', 'prospective', 'center', 'descriptive', 'study', 'conduct', 'large', 'teach', 'hospital', 'initial', 'cohort', 'nonreferred', 'outpatient', 'convenience_sample', 'patient', 'nondiagnostic', 'scan', 'low', 'extremity', 'venous', 'ultrasound', 'scan', 'perform', 'select', 'study', 'population', 'sensitivity_specificity', 'single', 'low', 'extremity', 'venous', 'ultrasound', 'scan', 'posttest_probability', 'pe', 'determined', 'study', 'population', 'result', 'study', 'population', 'good', 'case', 'sensitivity', 'low', 'extremity', 'venous', 'ultrasound', 'scan', 'pe', 'confidence_interval', 'ci', 'specificity', 'ci', 'likelihood_ratio', 'positive', 'test', 'result', 'likelihood_ratio', 'negative', 'test', 'result', 'yield', 'low', 'possible', 'posttest_probability', 'pe', 'ci', 'conclusion', 'study', 'demonstrate', 'combination', 'nondiagnostic', 'low', 'moderate', 'indeterminate', 'scan', 'single', 'negative', 'result', 'low', 'extremity', 'venous', 'ultrasound', 'examination', 'even', 'good', 'case', 'scenario', 'exclude', 'diagnosis', 'pe']"
21,0.9629,"sedation, ketamine, receive, midazolam, adverse_event, propofol, procedure, minute, dose, procedural_sedation",14364,"['randomize_double_blinded', 'clinical', 'trial', 'propofol', 'propofol', 'ketamine', 'propofol', 'ketamine', 'deep', 'procedural_sedation', 'emergency', 'department', 'study', 'objective', 'compare', 'frequency', 'airway', 'respiratory', 'adverse_event', 'lead', 'intervention', 'propofol', 'mixture', 'propofol', 'ketamine', 'ketofol', 'method', 'perform', 'randomize_double_blinded', 'trial', 'emergency', 'department', 'adult', 'undergo', 'deep_sedation', 'receive', 'propofol', 'propofol', 'ketamine', 'propofol', 'ketamine', 'primary', 'outcome', 'frequency', 'airway', 'respiratory', 'adverse_event', 'lead', 'intervention', 'outcome', 'include', 'sedation', 'depth', 'efficacy', 'procedure', 'recovery', 'time', 'patient', 'satisfaction', 'pain', 'procedural', 'recall', 'result', 'subject', 'complete', 'trial', 'receive', 'propofol', 'receive', 'propofol', 'ketamine', 'receive', 'propofol', 'ketamine', 'airway', 'respiratory', 'adverse_event', 'lead', 'intervention', 'similar', 'group', 'respectively', 'serious', 'adverse_event', 'group', 'secondary', 'outcome', 'generally', 'similar', 'group', 'great', 'recovery_agitation', 'observed', 'ketofol', 'group', 'respectively', 'conclusion', 'find', 'similar', 'frequency', 'airway', 'respiratory', 'adverse_event', 'lead', 'intervention', 'propofol', 'alone', 'ketofol', 'american_college', 'emergency', 'physician', 'publish', 'inc_right_reserve']"
22,0.9739,"error, medication, record, system, implementation, review, intervention, order, guideline, period",11439,"['significant', 'reduction', 'laboratory', 'specimen', 'labeling', 'error', 'implementation', 'electronic', 'ordering', 'system', 'paired', 'bar_code', 'specimen', 'labeling', 'process', 'study', 'objective', 'measure', 'rate', 'emergency', 'department', 'specimen', 'processing', 'error', 'reduction', 'implementation', 'electronic', 'physician', 'order_entry', 'system', 'paired', 'bar_code', 'specimen', 'labeling', 'process', 'method', 'cohort', 'pre_postintervention', 'study', 'conduct', 'month', 'period', 'end', 'september', 'large', 'urban', 'teaching', 'hospital', 'historically', 'laboratory', 'order', 'requisition', 'processing', 'do', 'hand', 'intervention', 'include', 'implement', 'specific', 'electronic', 'documentation', 'information', 'system', 'include', 'physician', 'order_entry', 'patient', 'verification', 'bar_code', 'wristband', 'bar_code', 'specimen', 'label', 'main', 'outcome', 'measure', 'processing', 'error', 'rate', 'define', 'unlabeled', 'mislabele', 'wrong', 'patient', 'specimen', 'requisition', 'pre', 'postimplementation', 'datum', 'tabulate', 'monthly', 'compare', 'aggregate', 'chi', 'test', 'contribution', 'error', 'total', 'institution', 'specimen', 'error', 'also', 'calculate', 'result', 'specimen', 'collect', 'preintervention', 'recorded', 'error', 'error', 'specimen', 'collect', 'postintervention', 'represent', 'relative', 'absolute', 'decrease', 'confidence_interval', 'proportion', 'institutional', 'error', 'contribute', 'reduce', 'relative', 'absolute', 'reduction', 'confidence_interval', 'subanalysis', 'reveal', 'majority', 'continued', 'error', 'occur', 'physician', 'order_entry', 'code', 'system', 'use', 'blood', 'bank', 'surgical', 'pathology', 'specimen', 'conclusion', 'combine', 'electronic', 'physician', 'order_entry', 'bar_code', 'patient', 'verification', 'electronic', 'documentation', 'information', 'system', 'generate', 'specimen', 'label', 'significantly', 'reduce', 'ed', 'specimen', 'related', 'error', 'sizable', 'influence', 'institutional', 'specimen', 'related', 'error', 'continue', 'use', 'hand', 'labeling', 'processing', 'special', 'specimen', 'appear', 'inadvisable', 'cost', 'effectiveness', 'intervention', 'established', 'american_college', 'emergency', 'physician', 'publish_right_reserve']"
23,0.9828,"ct, head, image, ct_scan, compute_tomography, imaging, finding, undergo, contrast, mri",11584,"['prevalence', 'herniation', 'intracranial', 'shift', 'cranial', 'tomography', 'patient', 'subarachnoid_hemorrhage', 'normal', 'neurologic', 'examination', 'objective', 'patient', 'frequently', 'present', 'emergency', 'department', 'ed', 'headache', 'sudden', 'severe', 'headache', 'often', 'evaluate', 'spontaneous', 'subarachnoid_hemorrhage_sah', 'noncontrast_cranial', 'computed_tomography', 'ct', 'follow', 'lumbar_puncture_lp', 'author', 'postulate', 'patient', 'neurologic', 'symptom', 'sign', 'physician', 'forgo', 'noncontrast_cranial', 'ct', 'proceed', 'directly', 'lp', 'author', 'seek', 'define', 'safety', 'option', 'senior', 'neuroradiologist', 'rereview', 'cranial', 'ct', 'group', 'patient', 'evidence', 'brain', 'herniation', 'midline_shift', 'method', 'retrospective', 'study', 'include', 'patient', 'normal', 'neurologic', 'examination', 'nontraumatic', 'sah', 'diagnose', 'ct', 'present', 'tertiary', 'care', 'medical', 'center', 'august', 'neuroradiologist', 'blind', 'clinical', 'information', 'outcome', 'rereviewe', 'initial', 'head', 'ct', 'evidence', 'herniation', 'midline_shift', 'result', 'patient', 'present', 'spontaneous', 'sah', 'diagnosis', 'cranial', 'ct', 'normal', 'neurologic', 'examination', 'initial', 'ct', 'available', 'review', 'confidence_interval', 'ci', 'evidence', 'brain', 'herniation', 'midline_shift', 'include', 'ci', 'herniation', 'patient', 'herniation', 'shift', 'note', 'initial', 'radiology', 'report', 'conclusion', 'awake_alert', 'patient', 'normal', 'neurologic', 'examination', 'sah', 'brain', 'herniation', 'midline_shift', 'therefore', 'cranial', 'ct', 'obtain', 'lp', 'patient', 'suspect', 'sah']"
24,0.6587,"ci, associate, factor, age, risk, confidence_interval, outcome, odd_ratio, association, adjust",9367,"['relationship', 'body_mass_index', 'prognosis', 'patient', 'present', 'potential', 'acute', 'coronary_syndrome', 'objective', 'study', 'examine', 'relationship', 'obesity', 'acute', 'coronary_syndrome_acs', 'limited', 'patient', 'confirm', 'diagnosis', 'author', 'seek', 'determine', 'relationship', 'body_mass_index', 'bmi', 'day', 'cardiovascular', 'event', 'emergency', 'department', 'patient', 'potential', 'acs', 'method', 'secondary', 'analysis', 'prospective', 'cohort', 'study', 'patient', 'present', 'potential', 'acs', 'patient', 'stratify', 'accord', 'bmi', 'underweight', 'bmi', 'kg', 'normal', 'weight', 'bmi', 'kg', 'overweight', 'bmi', 'kg', 'obese', 'bmi', 'kg', 'obese', 'bmi', 'kg', 'primary', 'outcome', 'acute', 'myocardial_infarction', 'death', 'revascularization', 'day', 'presentation', 'logistic_regression', 'analysis', 'use', 'adjust', 'confounding_variable', 'adjust', 'odd_ratio', 'confidence_interval_cis', 'present', 'cardiac', 'event', 'readmission', 'outcome', 'result', 'patient', 'include', 'study', 'underweight', 'normal', 'weight', 'overweight_obese', 'obese', 'increase', 'level', 'obesity', 'associate', 'great', 'number', 'cardiac', 'risk', 'factor', 'difference', 'day', 'cardiovascular', 'event', 'normal', 'weight', 'underweight', 'aor', 'ci', 'overweight', 'aor', 'ci', 'obese', 'aor', 'ci', 'obese', 'aor', 'ci', 'underweight', 'likely', 'readmitte', 'day', 'ci', 'obese', 'less', 'likely', 'readmitte', 'day', 'ci', 'conclusion', 'patient', 'present', 'potential', 'acs', 'bmi', 'associate', 'high', 'risk', 'cardiovascular', 'outcome', 'day', 'society_academic', 'emergency', 'medicine']"
25,0.9755,"ultrasound, placement, catheter, technique, procedure, access, guide, attempt, iv, perform",15884,"['ultrasound', 'guide', 'peripheral', 'intravenous', 'access', 'emergency', 'department', 'use', 'modify_seldinger_technique', 'background', 'utility', 'ultrasound', 'guide', 'peripheral', 'intravenous', 'access', 'usgpiv', 'well', 'describe', 'however', 'study', 'investigate', 'usgpiv', 'technique', 'objective', 'describe', 'modify_seldinger_technique', 'usgpiv', 'method', 'emergency', 'department', 'patient', 'difficult', 'access', 'fail', 'landmark', 'attempt', 'prospectively', 'enrol', 'usgpiv', 'attempt', 'use', 'modify_seldinger_technique', 'gauge', 'cm', 'catheter', 'integral', 'wire', 'use', 'procedure', 'basilic_vein', 'identify', 'use', 'high', 'frequency', 'linear', 'probe', 'mhz', 'needle', 'insert', 'vein', 'dynamic', 'guidance', 'short_axis', 'cannula', 'advanced', 'wire', 'time', 'skin', 'puncture', 'catheter', 'insertion', 'number', 'needle_stick', 'overall', 'procedure', 'time', 'record', 'result', 'patient', 'enrol', 'undergo', 'usgpiv', 'success', 'rate', 'mean', 'number', 'needle_stick', 'confidence_interval', 'median', 'time', 'skin', 'catheter', 'insertion', 'sd', 'median', 'total', 'procedure', 'time', 'min', 'sd', 'min', 'conclusion', 'modify_seldinger_technique', 'effective', 'method', 'usgpiv', 'worthy', 'prospective', 'comparison', 'non', 'seldinger_technique', 'inc_right_reserve']"
26,0.9676,"admission, discharge, day, admit, outcome, hospitalization, inpatient, hour, return, visit",14636,"['limited', 'yield', 'hospitalization', 'evaluation', 'syncope', 'patient', 'present', 'urban', 'tertiary', 'medical', 'center', 'syncope', 'frequent', 'present', 'complaint', 'emergency', 'department', 'associate', 'significant', 'medical', 'cost', 'examine', 'utility', 'inpatient', 'evaluation', 'syncope', 'patient', 'diagnosis', 'established', 'emergency', 'department', 'retrospectively', 'review', 'consecutive', 'patient', 'present', 'syncope', 'urban', 'tertiary', 'care', 'medical', 'center', 'diagnosis', 'established', 'initial', 'evaluation', 'emergency', 'department', 'patient', 'admit', 'inhospital', 'evaluation', 'lead', 'diagnosis', 'patient', 'acute', 'intervention', 'require', 'patient', 'observation', 'suggest', 'inpatient', 'evaluation', 'syncope', 'patient', 'diagnosis', 'make', 'initial', 'evaluation', 'low', 'yield', 'outpatient', 'follow', 'safe', 'right_reserve']"
27,0.9622,"resident, student, training, medicine, score, skill, performance, simulation, assessment, test",15412,"['direct', 'observation', 'evaluation', 'emergency', 'medicine', 'faculty', 'provide', 'datum', 'enhance', 'resident', 'assessment', 'compare', 'summative', 'quarterly', 'evaluation', 'objective', 'purpose', 'study', 'compare', 'quarterly', 'global', 'evaluation', 'direct', 'observation', 'evaluation', 'determine', 'direct', 'observation', 'evaluation', 'provide', 'unique', 'datum', 'compare', 'obtain', 'quarterly', 'global', 'evaluation', 'method', 'observational', 'cohort', 'study', 'perform', 'year', 'emergency', 'medicine', 'residency', 'program', 'resident', 'year', 'faculty', 'use', 'online', 'web_base', 'evaluation', 'system', 'complete', 'quarterly', 'global', 'evaluation', 'patient', 'specific', 'direct', 'observation', 'evaluation', 'score', 'collect', 'resident', 'quarterly', 'evaluation', 'period', 'quarterly', 'evaluation', 'score', 'mean', 'score', 'faculty', 'perform', 'quarterly', 'evaluation', 'direct', 'observation', 'score', 'mean', 'score', 'faculty', 'perform', 'direct', 'observation', 'evaluation', 'pearson_correlation_coefficient', 'perform', 'group', 'evaluation', 'result', 'year', 'period', 'study', 'complete', 'datum', 'set', 'available', 'analysis', 'quarterly', 'evaluation', 'score', 'correlate', 'direct', 'observation', 'score', 'resident', 'evaluation', 'period', 'find', 'high', 'correlation', 'evaluation', 'question', 'evaluation', 'stratify', 'base', 'number', 'direct', 'observation', 'evaluation', 'perform', 'evaluation', 'period', 'interest', 'correlation', 'quarterly', 'evaluation', 'direct', 'observation', 'score', 'increase', 'number', 'direct', 'observation', 'evaluation', 'period', 'increase', 'evaluation', 'score', 'faculty', 'perform', 'direct', 'observation', 'quarterly', 'evaluation', 'method', 'resident', 'evaluation', 'period', 'highly', 'correlate', 'even', 'small', 'number', 'evaluator', 'conclusion', 'direct', 'observation', 'highly', 'correlate', 'quarterly', 'evaluation', 'great', 'direct', 'observation', 'evaluation', 'complete', 'however', 'correlation', 'drop', 'significantly', 'number', 'direct', 'observation', 'lower', 'direct', 'observation', 'evaluation', 'provide', 'similar', 'datum', 'compare', 'datum', 'obtain', 'quarterly', 'global', 'evaluation', 'society_academic', 'emergency', 'medicine']"
28,0.8475,"stroke, bleeding, acute, ischemic_stroke, pregnancy, ectopic_pregnancy, risk, treatment, outcome, receive",14897,"['use', 'effectiveness', 'prothrombin_complex_concentrate', 'fresh_frozen_plasma', 'gastrointestinal', 'hemorrhage', 'warfarin', 'usage', 'objective', 'high', 'international_normalize_ratio', 'inr', 'level', 'result', 'warfarin', 'use', 'increase', 'risk', 'gastrointestinal', 'hemorrhage', 'aim', 'compare', 'efficacy', 'prothrombin_complex_concentrate_pcc', 'fresh_frozen_plasma', 'ffp', 'lower', 'inr', 'level', 'decrease', 'active', 'hemorrhage', 'visible', 'endoscopy', 'shortening', 'length_stay', 'emergency', 'department', 'method', 'study', 'prospective', 'cohort', 'study', 'consecutive', 'patent', 'gastrointestinal', 'hemorrhage', 'receive', 'pcc', 'ffp', 'strict', 'exclusion_criteria', 'patient', 'year', 'age', 'high', 'inr', 'level', 'due', 'warfarin', 'usage', 'include', 'result', 'total', 'patient', 'female', 'include', 'study', 'pcc', 'ffp', 'group', 'pcc', 'group', 'mean', 'inr', 'level', 'second', 'sixth', 'hour', 'low', 'ffp', 'group', 'second', 'hour', 'inr', 'sixth', 'hour', 'inr', 'patient', 'experience', 'active', 'bleeding', 'forr', 'ffp', 'group', 'patient', 'experience', 'active', 'bleeding', 'pcc', 'group', 'base', 'forr', 'classification', 'patient', 'ffp', 'group', 'undergo', 'invasive', 'surgical', 'treatment', 'length_stay', 'low', 'pcc', 'group', 'day', 'day', 'conclusion', 'patient', 'experience', 'gastrointestinal', 'hemorrhage', 'inr', 'level', 'reverse', 'quickly', 'less', 'active', 'bleeding', 'endoscopy', 'length_stay', 'low', 'pcc', 'group', 'ffp', 'group', 'inc_right_reserve']"
29,0.9862,"pain, score, acute, receive, treatment, difference, minute, asthma, analgesic, opioid",20330,"['prochlorperazine', 'promethazine', 'uncomplicated', 'nausea_vomiting', 'emergency', 'department', 'randomize_double_blind', 'clinical', 'trial', 'study', 'objective', 'nausea_vomiting', 'related', 'gastritis', 'gastroenteritis', 'common', 'complaint', 'emergency', 'department', 'effective', 'antiemetic', 'agent', 'yet', 'undetermined', 'study', 'conduct', 'compare', 'efficacy', 'prochlorperazine', 'promethazine', 'uncomplicated', 'nausea_vomiting', 'method', 'study', 'randomize_double_blind', 'comparison', 'prochlorperazine', 'compazine', 'promethazine', 'phenergan', 'acute', 'ed', 'treatment', 'gastritis', 'gastroenteritis', 'study', 'patient', 'year', 'older', 'presume', 'uncomplicated', 'gastritis', 'gastroenteritis', 'present', 'academic', 'eds', 'patient', 'randomly_assign', 'receive', 'prochlorperazine', 'mg', 'intravenously', 'promethazine', 'mg', 'intravenously', 'visual_analog_scale', 'reading', 'patient', 'comfort', 'obtain', 'baseline', 'minute', 'interval', 'primary', 'endpoint', 'degree', 'relief', 'minute', 'secondary', 'endpoint', 'time', 'complete', 'relief', 'need', 'antiemetic', 'medication', 'treatment', 'failure', 'side_effect', 'statistical', 'analysis', 'perform', 'use', 'mann_whitney', 'test', 'nonparametric', 'analysis', 'repeated', 'measure', 'analysis', 'variance_anova', 'result', 'patient', 'enrol', 'study', 'receive', 'prochlorperazine', 'receive', 'promethazine', 'difference', 'demographic', 'group', 'baseline', 'time', 'difference', 'symptom', 'minute', 'receive', 'medication', 'prochlorperazine', 'work', 'significantly', 'well', 'promethazine', 'use', 'nonparametric', 'analysis', 'use', 'repeat', 'measure', 'anova', 'significant', 'difference', 'symptom', 'time', 'group', 'significant', 'difference', 'prochlorperazine', 'promethazine', 'time', 'complete', 'relief', 'significantly', 'short', 'prochlorperazine', 'significantly', 'few', 'treatment', 'failure', 'prochlorperazine', 'difference', 'confidence_interval', 'difference', 'incidence', 'extrapyramidal', 'effect', 'prochlorperazine', 'cause', 'significantly', 'few', 'complaint', 'sleepiness', 'difference', 'confidence_interval', 'conclusion', 'prochlorperazine', 'work', 'significantly', 'well', 'promethazine', 'relieve', 'symptom', 'nausea_vomiting', 'quickly', 'completely', 'patient', 'uncomplicated', 'nausea_vomiting']"
30,0.9663,"mortality, sepsis, day, lactate, admission, outcome, shock, score, early, severe",9084,"['day', 'mortality', 'predictive_value', 'admission', 'hospital', 'procalcitonin', 'mid', 'regional', 'pro', 'adrenomedullin', 'testing', 'patient', 'dyspnea', 'result', 'veryfe', 'dyspnea', 'trial', 'introduction', 'mid', 'regional', 'pro', 'atrial', 'natriuretic_peptide', 'mr', 'proanp', 'procalcitonin_pct', 'mid', 'regional', 'pro', 'adrenomedullin', 'mr_proadm', 'demonstrate', 'usefulness', 'management', 'emergency', 'department', 'patient', 'dyspnea', 'method', 'evaluate', 'patient', 'dyspnea', 'prognostic', 'value', 'day', 'mortality', 'readmission', 'pct', 'mr_proadm', 'mr', 'proanp', 'multicenter', 'prospective', 'study', 'perform', 'evaluate', 'biomarker', 'admission', 'hour', 'admission', 'base', 'final', 'diagnosis', 'patient', 'divide', 'acute', 'heart_failure', 'primary', 'lung', 'disease', 'result', 'patient', 'enrol', 'procalcitonin', 'mr_proadm', 'value', 'admission', 'hour', 'significantly', 'predictive', 'day', 'mortality', 'baseline', 'pct', 'area_curve_auc', 'pct', 'hour', 'auc', 'baseline', 'mr_proadm', 'auc', 'mr_proadm', 'hour', 'auc', 'day', 'mortality', 'pct', 'mr_proadm', 'baseline', 'hour', 'value', 'show', 'significant', 'predictive', 'ability', 'baseline', 'pct', 'auc', 'hour', 'pct', 'auc', 'baseline', 'mr_proadm', 'auc', 'hour', 'mr_proadm', 'auc', 'group', 'biomarker', 'predict', 'rehospitalization', 'mortality', 'day', 'group', 'predict', 'mortality', 'day', 'conclusion', 'patient', 'admit', 'dyspnea', 'assessment', 'pct', 'mr_proadm', 'improve', 'risk', 'stratification', 'management', 'combine', 'use', 'biomarker', 'able', 'predict', 'total', 'cohort', 'rehospitalization', 'death', 'day', 'inc_right_reserve']"
31,0.9785,"program, medicine, residency, resident, survey, training, academic, report, practice, faculty",11200,"['endowed', 'faculty', 'position', 'academic', 'emergency', 'medicine', 'year', 'later', 'background', 'examine', 'number', 'endowed', 'faculty', 'position', 'chair', 'professorship', 'academic', 'department', 'emergency', 'medicine', 'adem', 'unite_state', 'objective', 'survey', 'adem', 'united_state', 'concern', 'number', 'endowed', 'faculty', 'position', 'compare', 'result', 'study', 'method', 'survey', 'send', 'chair', 'adem', 'unite_state', 'belong', 'association', 'academic', 'chair', 'emergency', 'medicine', 'request', 'information', 'number', 'endowed_chair', 'professorship', 'position', 'amount', 'require', 'fund', 'date', 'established', 'source', 'funding', 'future', 'plan', 'result', 'chair', 'respond', 'response', 'rate', 'chair', 'report', 'endowed_chair', 'position', 'chair', 'report', 'position', 'chair', 'report', 'chair', 'position', 'total', 'adem', 'report', 'endowed_chair', 'position', 'endowed', 'professorship', 'chair', 'report', 'professorship', 'chair', 'report', 'position', 'total', 'adem', 'report', 'endowed', 'professorship', 'adem', 'report', 'total', 'position', 'typical', 'amount', 'allow', 'spend', 'value', 'endowment', 'annually', 'average', 'amount', 'necessary', 'fund', 'endowed_chair', 'position', 'endowed', 'professorship', 'conclusion', 'percent', 'adem', 'endowed', 'faculty', 'position', 'nearly', 'threefold', 'increase', 'number', 'endowed', 'faculty', 'position', 'past', 'year', 'inc_right_reserve']"
32,0.9675,"minute, hour, triage, increase, median, period, day, delay, length_stay, decrease",1299,"['decrease', 'nurse', 'staffing', 'adversely_affect', 'emergency', 'department', 'throughput', 'metric', 'introduction', 'effect', 'nurse', 'staffing', 'emergency', 'department', 'efficiency', 'remain', 'significant', 'area', 'interest', 'administrator', 'physician', 'nurse', 'believe', 'decrease', 'nurse', 'staffing', 'adversely_affect', 'key', 'throughput', 'metric', 'method', 'conduct', 'retrospective', 'observational', 'review', 'electronic', 'medical', 'record', 'database', 'high', 'volume', 'urban', 'public', 'hospital', 'report', 'nursing', 'hour', 'door', 'discharge', 'length_stay_los', 'door', 'admit', 'los', 'percentage', 'patient', 'leave', 'see', 'lwbs', 'nursing', 'hour', 'day', 'examine', 'quartile', 'effect', 'evaluate', 'use', 'analysis', 'covariance', 'control', 'total', 'daily', 'volume', 'hospital', 'occupancy', 'admission', 'rate', 'result', 'patient', 'present', 'range', 'nursing', 'hour', 'day', 'median', 'independent', 'daily', 'volume', 'hospital', 'occupancy', 'admission', 'rate', 'day', 'low', 'quartile', 'nursing', 'hour', 'experience', 'minute', 'increase', 'patient', 'door', 'discharge', 'los', 'compare', 'day', 'high', 'quartile', 'nurse', 'hour', 'door', 'admit', 'los', 'show', 'significant', 'change', 'quartile', 'also', 'increase', 'patient', 'day', 'leave', 'see', 'provider', 'low', 'quartile', 'nursing', 'hour', 'compare', 'high', 'quartile', 'conclusion', 'low', 'nursing', 'hour', 'contribute', 'statistically', 'significant', 'increase', 'door', 'discharge', 'los', 'number', 'lwbs', 'patient', 'independent', 'daily', 'volume', 'hospital', 'occupancy', 'admission', 'rate', 'consideration', 'impact', 'nursing', 'staffing', 'need', 'optimize', 'throughput', 'metric', 'urban', 'safety_net', 'hospital']"
33,0.988,"research, medicine, base, provide, develop, health, process, practice, identify, development",18350,"['communicate', 'community', 'emergency', 'research', 'challenge', 'effectively', 'communicate', 'community', 'research', 'particularly', 'salient', 'investigator', 'conduct', 'emergency', 'research', 'exception_inform_consent', 'author', 'discuss', 'ethical', 'basis', 'community', 'consultation', 'requirement', 'describe', 'nature', 'extent', 'consultative', 'process', 'require', 'achieve', 'ethical', 'purpose', 'finding', 'consensus_conference', 'summarize', 'follow', 'requirement', 'community', 'consultation_public_disclosure', 'exception_inform_consent', 'study', 'serve', 'important', 'ethical', 'purpose', 'retain', 'community', 'consultation', 'allow', 'investigator', 'institutional', 'review', 'board', 'obtain', 'input', 'community', 'regard', 'plan', 'research', 'process', 'serve', 'facilitate', 'understanding', 'promote', 'trust', 'ensure', 'justice', 'protect', 'research', 'participant', 'community', 'consultation', 'process', 'require', 'active', 'participation', 'community', 'member', 'however', 'require', 'approval', 'consent', 'consensus', 'practical', 'challenge', 'involve', 'conduct', 'meaningful', 'community', 'consultation', 'also', 'discuss', 'define', 'community', 'appropriate', 'representative', 'method', 'actively', 'engage', 'community', 'lack', 'uniformity', 'institutional', 'review', 'board', 'require', 'community', 'consultation', 'activity', 'lack', 'measure', 'evaluate', 'adequacy', 'appropriateness', 'community', 'consultation', 'recommendation', 'consensus_conference', 'regard', 'future', 'research', 'community', 'consultation', 'summarize', 'priority', 'include', 'identify', 'good', 'practice', 'define', 'effectiveness', 'develop', 'measure', 'evaluate', 'community', 'consultation', 'evaluate', 'alternative', 'model', 'potential', 'infrastructure', 'facilitate', 'conduct', 'oversee', 'effective', 'community', 'consultation', 'process', 'develop', 'educational', 'module', 'community', 'member', 'empower', 'active', 'participation', 'discussion', 'emergency', 'research', 'community']"
34,0.9053,"cardiac_arrest, survival, resuscitation, cpr, outcome, discharge, defibrillation, cardiac, ventricular_fibrillation, arrest",18453,"['automate_external_defibrillator', 'extent', 'algorithm', 'delay', 'cpr', 'study', 'objective', 'maximize', 'cardiopulmonary_resuscitation_cpr', 'resuscitation', 'improve', 'survival', 'resuscitation', 'protocol', 'stack_shock', 'achieve', 'defibrillation', 'follow', 'immediate', 'postdefibrillation', 'pulse_check', 'purpose', 'study', 'evaluate', 'outcome', 'rhythm', 'reanalyse', 'immediately', 'shock', 'stack_shock', 'initial', 'postshock', 'pulse_check', 'relation', 'achieve', 'pulse', 'initiate', 'cpr', 'method', 'conduct', 'observational', 'study', 'patient', 'ventricular_fibrillation', 'treat', 'first', 'tier', 'emergency', 'medical', 'service', 'ems', 'collect', 'datum', 'ems', 'dispatch', 'hospital', 'record', 'additionally', 'analyze', 'automatic_external_defibrillator', 'recording', 'determine', 'proportion', 'cardiac_arrest', 'victim', 'defibrillate', 'achieve', 'pulse', 'accord', 'shock', 'number', 'single', 'stack_shock', 'proportion', 'victim', 'pulse', 'initial', 'postdefibrillation', 'pulse_check', 'interval', 'initial', 'shock', 'cpr', 'result', 'study', 'include', 'cardiac_arrest', 'subject', 'automatic_external_defibrillator', 'terminate', 'ventricular_fibrillation', 'initial', 'shock', 'case', 'second', 'shock', 'terminate', 'ventricular_fibrillation', 'additional', 'case', 'third', 'shock', 'terminate', 'ventricular_fibrillation', 'case', 'initial', 'sequence', 'shock', 'fail', 'terminate', 'ventricular_fibrillation', 'case', 'total', 'automatic_external_defibrillator', 'perform', 'rhythm', 'reanalyse', 'initial', 'shock', 'sequence', 'deliver', 'stack_shock', 'termination', 'ventricular_fibrillation', 'synonymous', 'return', 'pulse', 'initial', 'shock', 'produce', 'pulse', 'eventually', 'detect', 'case', 'stack_shock', 'produce', 'pulse', 'case', 'case', 'pulse', 'return', 'pulse', 'detect', 'initial', 'postshock', 'pulse_check', 'time', 'case', 'median', 'interval', 'initial', 'shock', 'cpr', 'second', 'conclusion', 'rhythm', 'reanalyse', 'stack_shock', 'postshock', 'pulse_check', 'low', 'yield', 'achieve', 'detect', 'return', 'pulse', 'initiate', 'second', 'initial', 'shock']"
35,0.8993,"survey, report, provider, satisfaction, health, participant, respondent, experience, response, question",4380,"['stress', 'emergency', 'department', 'clerical', 'staff', 'clerical', 'staff', 'vital', 'effective', 'management', 'emergency', 'department', 'survey', 'emergency', 'department', 'clerk', 'conduct', 'determine', 'prevalence', 'type', 'stress', 'job', 'survey', 'complete', 'return', 'percent', 'respondent', 'rate', 'job', 'extremely', 'stressful', 'range', 'stress', 'factor', 'responsible', 'job', 'absenteeism', 'respondent', 'agree', 'physician', 'education', 'necessary']"
36,0.9762,"ems, transport, prehospital, service, paramedic, ambulance, system, call, response, scene",6063,"['characteristic', 'midsized', 'urban', 'ems', 'system', 'emergency', 'medical', 'service', 'ems', 'system', 'midsize', 'city', 'population', 'describe', 'information', 'describe', 'ems', 'system', 'configuration', 'performance', 'collect', 'write', 'telephone', 'survey', 'follow', 'up', 'respond', 'city', 'provide', 'tier', 'system', 'tier', 'system', 'advanced_life_support', 'al', 'unit', 'respond', 'transport', 'patient', 'use', 'activate', 'system', 'type', 'tier', 'system', 'identify', 'system', 'al', 'unit', 'respond', 'call', 'scene', 'al', 'unit', 'turn', 'patient', 'basic_life_support', 'bls', 'unit', 'transport', 'system', 'al', 'unit', 'respond', 'call', 'bls', 'unit', 'send', 'noncritical', 'call', 'system', 'nontransport', 'al', 'unit', 'dispatch', 'transport', 'bls', 'unit', 'al', 'call', 'al', 'personnel', 'join', 'bls', 'personnel', 'transport', 'overall', 'city', 'staff', 'average', 'ambulance', 'population', 'tier', 'system', 'average', 'ambulance', 'compare', 'tier', 'system', 'average', 'ambulance', 'tiered', 'system', 'average', 'al', 'unit', 'serve', 'population', 'city', 'use', 'tier', 'system', 'al', 'unit', 'serve', 'less', 'overall', 'code', 'response', 'time', 'city', 'average', 'minute', 'average', 'response', 'time', 'tier', 'system', 'minute', 'minute', 'tier', 'system', 'less', 'less', 'datum', 'suggest', 'tiered', 'system', 'allow', 'give', 'number', 'al', 'unit', 'serve', 'much', 'large', 'population', 'maintain', 'rapid', 'code', 'response', 'time']"
37,0.8881,"alcohol, screen, test, hiv, screening, risk, psychiatric, testing, positive, prevalence",18495,"['effect', 'financial_incentive', 'adherence', 'outpatient', 'human_immunodeficiency_virus', 'testing', 'referral', 'emergency', 'department', 'objective', 'undiagnose', 'human_immunodeficiency_virus_hiv', 'infection', 'uncommon', 'patient', 'seek', 'care', 'urban', 'inner_city', 'emergency', 'department', 'ed', 'optimal', 'method', 'provide', 'appropriate', 'hiv', 'counsel', 'testing', 'referral', 'setting', 'unclear', 'previous', 'evaluation', 'outpatient', 'referral', 'system', 'testing', 'patient', 'see', 'demonstrate', 'return', 'test', 'test', 'seropositive', 'purpose', 'study', 'evaluate', 'effect', 'financial_incentive', 'proportion', 'refer', 'patient', 'complete', 'outpatient', 'hiv', 'counsel', 'testing', 'method', 'quasi', 'experiment', 'perform', 'urban', 'county', 'teaching', 'hospital', 'patient', 'identify', 'use', 'center', 'disease', 'control', 'prevention', 'guideline', 'risk', 'hiv', 'infection', 'refer', 'outpatient', 'hiv', 'counsel', 'testing', 'institution', 'week', 'study', 'divide', 'study', 'period', 'first', 'third', 'period', 'financial_incentive', 'offer', 'complete', 'counsel', 'testing', 'second', 'period', 'dollar', 'incentive', 'offer', 'complete', 'counseling', 'testing', 'result', 'study', 'patient', 'refer', 'hiv', 'counseling', 'testing', 'control', 'period', 'patient', 'complete', 'hiv', 'counsel', 'testing', 'intervention', 'period', 'patient', 'complete', 'hiv', 'counsel', 'testing', 'odd_ratio', 'confidence_interval', 'patient', 'complete', 'hiv', 'counsel', 'test', 'none', 'confidence_interval', 'test', 'positive', 'hiv', 'infection', 'conclusion', 'use', 'modest', 'financial_incentive', 'increase', 'proportion', 'patient', 'complete', 'hiv', 'counsel', 'testing', 'refer', 'unclear', 'use', 'financial_incentive', 'increase', 'identification', 'hiv_infected', 'patient', 'unaware', 'status', 'cost', 'effective']"
38,0.982,"animal, minute, model, effect, epinephrine, rat, control, increase, hour, mg_kg",20352,"['antagonism', 'cardiodepressant', 'effect', 'adenosine', 'acute', 'hypoxia', 'objective', 'determine', 'pharmacologic', 'antagonism', 'adenosine_receptor', 'mediated', 'cardiovascular', 'change', 'improve', 'cardiac', 'function', 'prolong', 'survival', 'systemic', 'hypoxia', 'method', 'rat', 'anesthetize', 'ketamine', 'instrumented', 'include', 'left_ventricular', 'lv', 'pressure', 'transducing', 'catheter', 'paralyzed', 'vecuronium', 'ventilate', 'pco', 'torr', 'minute', 'equilibration', 'baseline', 'treatment', 'commence', 'saline', 'npc', 'adenosine_receptor', 'selective', 'antagonist', 'dose', 'mg_kg', 'mg_kg', 'drug', 'vehicle', 'minute', 'later', 'inspire', 'oxygen', 'reduce', 'result', 'survival', 'duration', 'min', 'post', 'hypoxia', 'increase', 'dose', 'dependent', 'fashion', 'mean', 'sem', 'vehicle', 'control', 'mg_kg_npc', 'respectively', 'minute', 'post', 'hypoxia', 'dose', 'dependent', 'increase', 'also', 'see', 'percentage', 'pre', 'hypoxic', 'value', 'lv', 'contractility', 'vehicle', 'mg_kg_npc', 'mg_kg_npc', 'heart', 'rate', 'vehicle', 'mg_kg_npc', 'mg_kg_npc', 'blood', 'pressure', 'vehicle', 'mg_kg_npc', 'mg_kg_npc', 'conclusion', 'adenosine', 'selective', 'antagonist', 'prolonged', 'survival', 'model', 'prolongation', 'attribute', 'inhibition', 'adenosine_receptor', 'mediated', 'decline', 'cardiac', 'inotropy', 'chronotropy', 'adenosine_receptor', 'selective', 'antagonist', 'show', 'promise', 'adjunctive', 'therapy', 'hypoxia', 'induce', 'cardiac', 'insufficiency', 'prolong', 'treatment', 'window', 'definitive', 'resuscitation', 'measure', 'take']"
39,0.9541,"treatment, administration, dose, receive, hour, therapy, iv, intravenous, administer, oral",7376,"['gastrointestinal', 'transit', 'time', 'cathartic', 'combine', 'charcoal', 'oral', 'activate_charcoal', 'usually', 'administer', 'toxic_ingestion', 'cathartic', 'study', 'do', 'volunteer', 'determine', 'rapidity', 'gastrointestinal', 'transit', 'activate_charcoal', 'administer', 'various', 'cathartic', 'control', 'activate_charcoal', 'compare', 'gastrointestinal', 'transit', 'time', 'activate_charcoal', 'cathartic', 'magnesium_citrate', 'magnesium_sulfate', 'sorbitol', 'activate_charcoal', 'alone', 'produce', 'mean', 'transit', 'time', 'hour', 'magnesium_citrate', 'catharsis', 'occur', 'hour', 'magnesium_sulfate', 'catharsis', 'occur', 'hour', 'sorbitol', 'catharsis', 'occur', 'hour', 'sorbitol', 'clearly', 'rapidly', 'act', 'cathartic']"
40,0.9266,"antibiotic, infection, culture, positive, blood, treatment, pneumonia, influenza, test, bacteremia",18246,"['incidence', 'positive', 'culture', 'woman', 'suspect', 'pid', 'salpingitis', 'objective', 'determine', 'incidence', 'chlamydia', 'woman', 'suspect', 'acute', 'pelvic_inflammatory_disease', 'secondary', 'objective', 'investigate', 'clinical', 'usefulness', 'physical_exam', 'finding', 'vaginal', 'discharge', 'cervical', 'motion', 'adnexal_tenderness', 'method', 'retrospective', 'chart', 'review', 'patient', 'see', 'patient', 'enter', 'study', 'pid', 'salpingitis', 'discharge', 'diagnosis', 'culture', 'perform', 'gc', 'chlamydia', 'result', 'total', 'chart', 'review', 'patient', 'exclude', 'due', 'incomplete', 'charting', 'history', 'physical_exam', 'inability', 'obtain', 'culture', 'result', 'remain', 'patient', 'culture', 'negative', 'growth', 'culture', 'positive', 'gc', 'culture', 'positive', 'chlamydia', 'review', 'physical_exam', 'finding', 'woman', 'negative', 'culture', 'discharge', 'cmt', 'adnexal_tenderness', 'woman', 'culture', 'positive', 'gc', 'chlamydia', 'discharge', 'cmt', 'adnexal_tenderness', 'vaginal', 'discharge', 'sen', 'spec', 'ppv_npv', 'cmt', 'sen', 'spec', 'ppv_npv', 'adnexal_tenderness', 'sen', 'spec', 'ppv_npv', 'combination', 'physical_exam', 'finding', 'increase', 'ppv', 'conclusion', 'incidence', 'positive', 'culture', 'woman', 'suspect', 'pid', 'salpingitis', 'physical_exam', 'finding', 'predictive', 'disease', 'secondary', 'high', 'number', 'false_positive', 'positive', 'warrant', 'empiric', 'treatment', 'patient', 'tell', 'pid', 'salpingitis', 'culture', 'available']"
